<?xml version="1.0" encoding="utf-8" standalone="no"?>
<!DOCTYPE Archive SYSTEM "http://greenstone.org/dtd/Archive/1.0/Archive.dtd">
<Archive>
<Section>
  <Description>
    <Metadata name="gsdldoctype">indexed_doc</Metadata>
    <Metadata name="Language">en</Metadata>
    <Metadata name="Encoding">iso_8859_1</Metadata>
    <Metadata name="Title">doc1</Metadata>
    <Metadata name="URL">http://C:/Program Files/Greenstone3/web/sites/localsite/collect/homework/tmp/1682508421_1/doc1.html</Metadata>
    <Metadata name="UTF8URL">http://C:/Program Files/Greenstone3/web/sites/localsite/collect/homework/tmp/1682508421_1/doc1.html</Metadata>
    <Metadata name="gsdlsourcefilename">import\WORDs\doc1.docx</Metadata>
    <Metadata name="gsdlsourcefilerenamemethod">url</Metadata>
    <Metadata name="gsdlconvertedfilename">tmp\1682508421_1\doc1.html</Metadata>
    <Metadata name="OrigSource">doc1.html</Metadata>
    <Metadata name="Source">doc1.docx</Metadata>
    <Metadata name="SourceFile">doc1.docx</Metadata>
    <Metadata name="Plugin">WordPlugin</Metadata>
    <Metadata name="FileSize">12012</Metadata>
    <Metadata name="FilenameRoot">doc1</Metadata>
    <Metadata name="FileFormat">Word</Metadata>
    <Metadata name="srcicon">_icondocx_</Metadata>
    <Metadata name="srclink_file">doc.docx</Metadata>
    <Metadata name="srclinkFile">doc.docx</Metadata>
    <Metadata name="dc.Creator">Тијана Ат</Metadata>
    <Metadata name="dc.Date">20/02/2023</Metadata>
    <Metadata name="dc.Language">English</Metadata>
    <Metadata name="dc.Title">SQL</Metadata>
    <Metadata name="Identifier">HASHf4320b57ec432cf5763b45</Metadata>
    <Metadata name="lastmodified">1682506823</Metadata>
    <Metadata name="lastmodifieddate">20230426</Metadata>
    <Metadata name="oailastmodified">1682508424</Metadata>
    <Metadata name="oailastmodifieddate">20230426</Metadata>
    <Metadata name="assocfilepath">HASHf432.dir</Metadata>
    <Metadata name="gsdlassocfile">doc.docx:unknown:</Metadata>
  </Description>
  <Content>

&lt;div class=WordSection1&gt;

&lt;p class=MsoNormal&gt;&lt;span lang=MK&gt;áëàáëàáëà&lt;/span&gt;&lt;/p&gt;

&lt;/div&gt;




</Content>
</Section>
</Archive>
