<?xml version="1.0" encoding="utf-8" standalone="no"?>
<!DOCTYPE Archive SYSTEM "http://greenstone.org/dtd/Archive/1.0/Archive.dtd">
<Archive>
<Section>
  <Description>
    <Metadata name="gsdldoctype">indexed_doc</Metadata>
    <Metadata name="Language">en</Metadata>
    <Metadata name="Encoding">utf8</Metadata>
    <Metadata name="Title">nlp</Metadata>
    <Metadata name="URL">http://C:/Program Files/Greenstone3/web/sites/localsite/collect/homework/tmp/1682508428_1/nlp.html</Metadata>
    <Metadata name="UTF8URL">http://C:/Program Files/Greenstone3/web/sites/localsite/collect/homework/tmp/1682508428_1/nlp.html</Metadata>
    <Metadata name="gsdlsourcefilename">import\WORDs\nlp.docx</Metadata>
    <Metadata name="gsdlsourcefilerenamemethod">url</Metadata>
    <Metadata name="gsdlconvertedfilename">tmp\1682508428_1\nlp.html</Metadata>
    <Metadata name="OrigSource">nlp.html</Metadata>
    <Metadata name="Source">nlp.docx</Metadata>
    <Metadata name="SourceFile">nlp.docx</Metadata>
    <Metadata name="Plugin">WordPlugin</Metadata>
    <Metadata name="FileSize">11970</Metadata>
    <Metadata name="FilenameRoot">nlp</Metadata>
    <Metadata name="FileFormat">Word</Metadata>
    <Metadata name="srcicon">_icondocx_</Metadata>
    <Metadata name="srclink_file">doc.docx</Metadata>
    <Metadata name="srclinkFile">doc.docx</Metadata>
    <Metadata name="dc.Creator">Kaidi Cao</Metadata>
    <Metadata name="dc.Date">19/01/2023</Metadata>
    <Metadata name="dc.Language">English</Metadata>
    <Metadata name="dc.Title">NLP</Metadata>
    <Metadata name="Identifier">HASH729584d05703ea71b0bc88</Metadata>
    <Metadata name="lastmodified">1682506828</Metadata>
    <Metadata name="lastmodifieddate">20230426</Metadata>
    <Metadata name="oailastmodified">1682508430</Metadata>
    <Metadata name="oailastmodifieddate">20230426</Metadata>
    <Metadata name="assocfilepath">HASH7295.dir</Metadata>
    <Metadata name="gsdlassocfile">doc.docx:unknown:</Metadata>
  </Description>
  <Content>

&lt;div class=WordSection1&gt;

&lt;p class=MsoNormal&gt;nlpnlp&lt;/p&gt;

&lt;/div&gt;




</Content>
</Section>
</Archive>
