<?xml version="1.0" encoding="UTF-8"?>
<!DOCTYPE DirectoryMetadata SYSTEM "http://greenstone.org/dtd/DirectoryMetadata/1.0/DirectoryMetadata.dtd">
<DirectoryMetadata>
	<FileSet>
		<FileName>\[196014\]WBS_D4_ConsumingLinkedData\.doc</FileName>
		<Description>
			<Metadata mode="accumulate" name="dc.Title">Consuming Linked Data</Metadata>
			<Metadata mode="accumulate" name="dc.Creator">Тијана Ат</Metadata>
			<Metadata mode="accumulate" name="dc.Date">20/02/2023</Metadata>
			<Metadata mode="accumulate" name="dc.Language">Macedonian</Metadata>
		</Description>
	</FileSet>
	
	<FileSet>
		<FileName>domasnazadaca\.docx</FileName>
		<Description>
			<Metadata mode="accumulate" name="dc.Title">Домашна задача2</Metadata>
			<Metadata mode="accumulate" name="dc.Creator">Тијана Ат</Metadata>
			<Metadata mode="accumulate" name="dc.Language">Macedonian</Metadata>
			<Metadata mode="accumulate" name="dc.Date">20/05/2020</Metadata>
		</Description>
	</FileSet>
	<FileSet>
		<FileName>nlp\.docx</FileName>
		<Description>
			<Metadata mode="accumulate" name="dc.Title">NLP</Metadata>
			<Metadata mode="accumulate" name="dc.Creator">Kaidi Cao</Metadata>
			<Metadata mode="accumulate" name="dc.Date">19/01/2023</Metadata>
			<Metadata mode="accumulate" name="dc.Language">English</Metadata>
		</Description>
	</FileSet>
	<FileSet>
		<FileName>doc1\.docx</FileName>
		<Description>
			<Metadata mode="accumulate" name="dc.Title">SQL</Metadata>
			<Metadata mode="accumulate" name="dc.Creator">Тијана Ат</Metadata>
			<Metadata mode="accumulate" name="dc.Date">20/02/2023</Metadata>
			<Metadata mode="accumulate" name="dc.Language">English</Metadata>
		</Description>
	</FileSet>
</DirectoryMetadata>
