<?xml version="1.0" encoding="UTF-8"?>
<!DOCTYPE DirectoryMetadata SYSTEM "http://greenstone.org/dtd/DirectoryMetadata/1.0/DirectoryMetadata.dtd">
<DirectoryMetadata>
	<FileSet>
		<FileName>p3\.pdf</FileName>
		<Description>
			<Metadata mode="accumulate" name="dc.Title">Inductive Representation Learning on Large Graphs </Metadata>
			<Metadata mode="accumulate" name="dc.Creator">Hamilton</Metadata>
			<Metadata mode="accumulate" name="dc.Subject">Representation;Learning;</Metadata>
			<Metadata mode="accumulate" name="dc.Date">02/08/2021</Metadata>
			<Metadata mode="accumulate" name="dc.Language">English</Metadata>
		</Description>
	</FileSet>
	<FileSet>
		<FileName>Lab1\.pdf</FileName>
		<Description>
			<Metadata mode="accumulate" name="dc.Title">Лабораториска вежба</Metadata>
			<Metadata mode="accumulate" name="dc.Creator">Тијана Ат</Metadata>
			<Metadata mode="accumulate" name="dc.Date">07/04/2023</Metadata>
			<Metadata mode="accumulate" name="dc.Language">Macedonian</Metadata>
		</Description>
	</FileSet>
	
	<FileSet>
		<FileName>p1\.pdf</FileName>
		<Description>
			<Metadata mode="accumulate" name="dc.Title">pdf1</Metadata>
			<Metadata mode="accumulate" name="dc.Creator">Hamilton</Metadata>
			<Metadata mode="accumulate" name="dc.Date">20/02/2023</Metadata>
			<Metadata mode="accumulate" name="dc.Language">English</Metadata>
		</Description>
	</FileSet>
	<FileSet>
		<FileName>p2\.pdf</FileName>
		<Description>
			<Metadata mode="accumulate" name="dc.Title">RELATIONAL MULTI-TASK LEARNING: MODELING RELATIONS BETWEEN DATA AND TASKS </Metadata>
			<Metadata mode="accumulate" name="dc.Date">07/04/2023</Metadata>
			<Metadata mode="accumulate" name="dc.Language">English</Metadata>
		</Description>
	</FileSet>
	<FileSet>
		<FileName>GNN-Bibliometric_review\.pdf</FileName>
		<Description>
			<Metadata mode="accumulate" name="dc.Title">GNN</Metadata>
			<Metadata mode="accumulate" name="dc.Date">12/12/2023</Metadata>
		</Description>
	</FileSet>
	<FileSet>
		<FileName>GNN-Review_of_methods_and_applications\.pdf</FileName>
		<Description>
			<Metadata mode="accumulate" name="dc.Title">GNN review</Metadata>
			<Metadata mode="accumulate" name="dc.Date">02/08/2021</Metadata>
			<Metadata mode="accumulate" name="dc.Language">English</Metadata>
		</Description>
	</FileSet>
</DirectoryMetadata>
