<?xml version="1.0" encoding="utf-8" standalone="no"?>
<!DOCTYPE Archive SYSTEM "http://greenstone.org/dtd/Archive/1.0/Archive.dtd">
<Archive>
<Section>
  <Description>
    <Metadata name="gsdldoctype">indexed_doc</Metadata>
    <Metadata name="Language">en</Metadata>
    <Metadata name="Encoding">utf8</Metadata>
    <Metadata name="URL">http://C:/Program Files/Greenstone3/web/sites/localsite/collect/homework/tmp/1682508407/Lab1.html</Metadata>
    <Metadata name="UTF8URL">http://C:/Program Files/Greenstone3/web/sites/localsite/collect/homework/tmp/1682508407/Lab1.html</Metadata>
    <Metadata name="Title">Lab1</Metadata>
    <Metadata name="gsdlsourcefilename">import\PDFS\Lab1.pdf</Metadata>
    <Metadata name="gsdlsourcefilerenamemethod">url</Metadata>
    <Metadata name="gsdlconvertedfilename">tmp\1682508407\Lab1.html</Metadata>
    <Metadata name="OrigSource">Lab1.html</Metadata>
    <Metadata name="Source">Lab1.pdf</Metadata>
    <Metadata name="SourceFile">Lab1.pdf</Metadata>
    <Metadata name="Plugin">PDFv2Plugin</Metadata>
    <Metadata name="FileSize">591321</Metadata>
    <Metadata name="FilenameRoot">Lab1</Metadata>
    <Metadata name="FileFormat">PDF</Metadata>
    <Metadata name="srcicon">_iconpdf_</Metadata>
    <Metadata name="srclink_file">doc.pdf</Metadata>
    <Metadata name="srclinkFile">doc.pdf</Metadata>
    <Metadata name="dc.Creator">Тијана Ат</Metadata>
    <Metadata name="dc.Date">07/04/2023</Metadata>
    <Metadata name="dc.Language">Macedonian</Metadata>
    <Metadata name="dc.Title">Лабораториска вежба</Metadata>
    <Metadata name="Identifier">HASH1bcc1abfeaa8249548ce4c</Metadata>
    <Metadata name="lastmodified">1682504832</Metadata>
    <Metadata name="lastmodifieddate">20230426</Metadata>
    <Metadata name="oailastmodified">1682508407</Metadata>
    <Metadata name="oailastmodifieddate">20230426</Metadata>
    <Metadata name="assocfilepath">HASH1bcc.dir</Metadata>
    <Metadata name="gsdlassocfile">page1.png:image/png:</Metadata>
    <Metadata name="gsdlassocfile">page2.png:image/png:</Metadata>
    <Metadata name="gsdlassocfile">page3.png:image/png:</Metadata>
    <Metadata name="gsdlassocfile">page4.png:image/png:</Metadata>
    <Metadata name="gsdlassocfile">page5.png:image/png:</Metadata>
    <Metadata name="gsdlassocfile">page6.png:image/png:</Metadata>
    <Metadata name="gsdlassocfile">page7.png:image/png:</Metadata>
    <Metadata name="gsdlassocfile">page8.png:image/png:</Metadata>
    <Metadata name="gsdlassocfile">page9.png:image/png:</Metadata>
    <Metadata name="gsdlassocfile">doc.pdf:application/pdf:</Metadata>
  </Description>
  <Content>



&lt;div id=&quot;page1&quot;&gt;
</Content>
<Section>
  <Description>
    <Metadata name="Title">Page 1</Metadata>
  </Description>
  <Content>
&lt;div style=&quot;position: relative; height: 792px; width: 612px;&quot;&gt;&lt;style type=&quot;text/css&quot;&gt;
.txt { white-space:nowrap; }
.p1f0 { font-family:sans-serif; font-weight:normal; font-style:normal; }
.p1f1 { font-family:sans-serif; font-weight:normal; font-style:normal; }
.p1f2 { font-family:sans-serif; font-weight:normal; font-style:normal; }
.p1f3 { font-family:sans-serif; font-weight:normal; font-style:normal; }
.p1f4 { font-family:sans-serif; font-weight:normal; font-style:normal; }
.p1f5 { font-family:sans-serif; font-weight:normal; font-style:normal; }
.p1f6 { font-family:sans-serif; font-weight:normal; font-style:normal; }
.p1f7 { font-family:sans-serif; font-weight:normal; font-style:normal; }
.p1f8 { font-family:sans-serif; font-weight:normal; font-style:normal; }
.p1f9 { font-family:sans-serif; font-weight:normal; font-style:normal; }
.p1f10 { font-family:sans-serif; font-weight:bold; font-style:normal; }
.p1f11 { font-family:sans-serif; font-weight:normal; font-style:normal; }
.p1f12 { font-family:sans-serif; font-weight:bold; font-style:normal; }
.p1f13 { font-family:sans-serif; font-weight:normal; font-style:normal; }
.p1f14 { font-family:sans-serif; font-weight:normal; font-style:normal; }
.p1f15 { font-family:sans-serif; font-weight:normal; font-style:normal; }
.p1f16 { font-family:sans-serif; font-weight:normal; font-style:normal; }
.p1f17 { font-family:monospace; font-weight:normal; font-style:normal; }
.p1f18 { font-family:sans-serif; font-weight:normal; font-style:normal; }
.p1f19 { font-family:sans-serif; font-weight:normal; font-style:normal; }
.p1f20 { font-family:sans-serif; font-weight:normal; font-style:normal; }
.p1f21 { font-family:sans-serif; font-weight:normal; font-style:normal; }
.p1f22 { font-family:sans-serif; font-weight:normal; font-style:normal; }
.p1f23 { font-family:sans-serif; font-weight:normal; font-style:normal; }
.p1f24 { font-family:sans-serif; font-weight:normal; font-style:normal; }
.p1f25 { font-family:sans-serif; font-weight:normal; font-style:normal; }
.p1f26 { font-family:sans-serif; font-weight:normal; font-style:normal; }
.p1f27 { font-family:sans-serif; font-weight:normal; font-style:normal; }
.p1f28 { font-family:sans-serif; font-weight:normal; font-style:normal; }
.p1f29 { font-family:sans-serif; font-weight:normal; font-style:normal; }
.p1f30 { font-family:sans-serif; font-weight:normal; font-style:normal; }
.p1f31 { font-family:sans-serif; font-weight:normal; font-style:normal; }
.p1f32 { font-family:sans-serif; font-weight:normal; font-style:normal; }
.p1f33 { font-family:sans-serif; font-weight:normal; font-style:normal; }
.p1f34 { font-family:sans-serif; font-weight:normal; font-style:normal; }
.p1f35 { font-family:sans-serif; font-weight:normal; font-style:normal; }
.p1f36 { font-family:sans-serif; font-weight:normal; font-style:normal; }
.p1f37 { font-family:sans-serif; font-weight:normal; font-style:normal; }
.p1f38 { font-family:sans-serif; font-weight:normal; font-style:normal; }
.p1f39 { font-family:sans-serif; font-weight:normal; font-style:normal; }
.p1f40 { font-family:sans-serif; font-weight:normal; font-style:normal; }
.p1f41 { font-family:sans-serif; font-weight:normal; font-style:normal; }
.p1f42 { font-family:sans-serif; font-weight:normal; font-style:normal; }
.p1f43 { font-family:sans-serif; font-weight:normal; font-style:normal; }
.p1f44 { font-family:sans-serif; font-weight:normal; font-style:normal; }
.p1f45 { font-family:sans-serif; font-weight:normal; font-style:normal; }
.p1f46 { font-family:sans-serif; font-weight:normal; font-style:normal; }
.p1f47 { font-family:sans-serif; font-weight:normal; font-style:normal; }
.p1f48 { font-family:sans-serif; font-weight:normal; font-style:normal; }
.p1f49 { font-family:sans-serif; font-weight:normal; font-style:normal; }
.p1f50 { font-family:sans-serif; font-weight:normal; font-style:normal; }
.p1f51 { font-family:sans-serif; font-weight:normal; font-style:normal; }
.p1f52 { font-family:sans-serif; font-weight:normal; font-style:normal; }
&lt;/style&gt;
&lt;img class=&quot;background&quot; height=&quot;792&quot; id=&quot;background1&quot; src=&quot;_httpdocimg_/page1.png&quot; style=&quot;position:absolute; left:0px; top:0px;&quot; width=&quot;612&quot;&gt;
&lt;div class=&quot;txt&quot; style=&quot;position:absolute; left:250px; top:74px;&quot;&gt;&lt;span class=&quot;p1f1&quot; style=&quot;font-size:11px;vertical-align:baseline;color:rgba(0,0,0,1);&quot;&gt;Лабораториска вежба 1&lt;/span&gt;&lt;/div&gt;
&lt;div class=&quot;txt&quot; style=&quot;position:absolute; left:225px; top:96px;&quot;&gt;&lt;span class=&quot;p1f1&quot; style=&quot;font-size:11px;vertical-align:baseline;color:rgba(0,0,0,1);&quot;&gt;Нестуктурирани бази на податоци&lt;/span&gt;&lt;/div&gt;
&lt;div class=&quot;txt&quot; style=&quot;position:absolute; left:239px; top:119px;&quot;&gt;&lt;span class=&quot;p1f1&quot; style=&quot;font-size:11px;vertical-align:baseline;color:rgba(0,0,0,1);&quot;&gt;Тијана Атанасовска (196014)&lt;/span&gt;&lt;/div&gt;
&lt;div class=&quot;txt&quot; style=&quot;position:absolute; left:72px; top:197px;&quot;&gt;&lt;span class=&quot;p1f12&quot; style=&quot;font-size:18px;vertical-align:baseline;color:rgba(0,0,0,1);&quot;&gt;ЗАДАЧА &lt;/span&gt;&lt;span class=&quot;p1f10&quot; style=&quot;font-size:18px;vertical-align:baseline;color:rgba(0,0,0,1);&quot;&gt;1&lt;/span&gt;&lt;/div&gt;
&lt;div class=&quot;txt&quot; style=&quot;position:absolute; left:90px; top:227px;&quot;&gt;&lt;span class=&quot;p1f3&quot; style=&quot;font-size:10px;vertical-align:baseline;color:rgba(0,0,0,1);&quot;&gt;1. &lt;/span&gt;&lt;span class=&quot;p1f1&quot; style=&quot;font-size:11px;vertical-align:baseline;color:rgba(0,0,0,1);&quot;&gt;Шемата ја градиме зависно од барањата. За најмала редунданција и брз пристап на&lt;/span&gt;&lt;/div&gt;
&lt;div class=&quot;txt&quot; style=&quot;position:absolute; left:108px; top:242px;&quot;&gt;&lt;span class=&quot;p1f1&quot; style=&quot;font-size:11px;vertical-align:baseline;color:rgba(0,0,0,1);&quot;&gt;податоците ги поставуваме артистите, клиентите и информациите за ЦД на прво ниво во&lt;/span&gt;&lt;/div&gt;
&lt;div class=&quot;txt&quot; style=&quot;position:absolute; left:108px; top:256px;&quot;&gt;&lt;span class=&quot;p1f1&quot; style=&quot;font-size:11px;vertical-align:baseline;color:rgba(0,0,0,1);&quot;&gt;дрвото. Дополнително, во елементите за Клиентите се поставува и информацијата за&lt;/span&gt;&lt;/div&gt;
&lt;div class=&quot;txt&quot; style=&quot;position:absolute; left:108px; top:271px;&quot;&gt;&lt;span class=&quot;p1f1&quot; style=&quot;font-size:11px;vertical-align:baseline;color:rgba(0,0,0,1);&quot;&gt;изнајмување на ЦД.&lt;/span&gt;&lt;/div&gt;
&lt;div class=&quot;txt&quot; style=&quot;position:absolute; left:90px; top:285px;&quot;&gt;&lt;span class=&quot;p1f3&quot; style=&quot;font-size:10px;vertical-align:baseline;color:rgba(0,0,0,1);&quot;&gt;2. XML Schema &lt;/span&gt;&lt;span class=&quot;p1f1&quot; style=&quot;font-size:11px;vertical-align:baseline;color:rgba(0,0,0,1);&quot;&gt;за ограничување на Систем датотеката се поставени во &lt;/span&gt;&lt;span class=&quot;p1f3&quot; style=&quot;font-size:10px;vertical-align:baseline;color:rgba(0,0,0,1);&quot;&gt;System.xml&lt;/span&gt;&lt;/div&gt;
&lt;div class=&quot;txt&quot; style=&quot;position:absolute; left:90px; top:300px;&quot;&gt;&lt;span class=&quot;p1f3&quot; style=&quot;font-size:10px;vertical-align:baseline;color:rgba(0,0,0,1);&quot;&gt;3. XQuery &lt;/span&gt;&lt;span class=&quot;p1f1&quot; style=&quot;font-size:11px;vertical-align:baseline;color:rgba(0,0,0,1);&quot;&gt;изразот за генерирање на погоре објаснетата структура се наоѓа во датотеката&lt;/span&gt;&lt;/div&gt;
&lt;div class=&quot;txt&quot; style=&quot;position:absolute; left:108px; top:314px;&quot;&gt;&lt;span class=&quot;p1f3&quot; style=&quot;font-size:10px;vertical-align:baseline;color:rgba(0,0,0,1);&quot;&gt;generateSystem.xquery&lt;/span&gt;&lt;/div&gt;
&lt;div class=&quot;txt&quot; style=&quot;position:absolute; left:108px; top:329px;&quot;&gt;&lt;span class=&quot;p1f1&quot; style=&quot;font-size:11px;vertical-align:baseline;color:rgba(0,0,0,1);&quot;&gt;Резултати од извршување на истата: (зачувани во &lt;/span&gt;&lt;span class=&quot;p1f3&quot; style=&quot;font-size:10px;vertical-align:baseline;color:rgba(0,0,0,1);&quot;&gt;generatedSystem.xml &lt;/span&gt;&lt;span class=&quot;p1f1&quot; style=&quot;font-size:11px;vertical-align:baseline;color:rgba(0,0,0,1);&quot;&gt;за да може врз нив&lt;/span&gt;&lt;/div&gt;
&lt;div class=&quot;txt&quot; style=&quot;position:absolute; left:108px; top:343px;&quot;&gt;&lt;span class=&quot;p1f1&quot; style=&quot;font-size:11px;vertical-align:baseline;color:rgba(0,0,0,1);&quot;&gt;да ги извршуваме следните барања)&lt;/span&gt;&lt;/div&gt;
&lt;/div&gt;
&lt;/div&gt;

&lt;div id=&quot;page2&quot;&gt;
</Content>
</Section>
<Section>
  <Description>
    <Metadata name="Title">Page 2</Metadata>
  </Description>
  <Content>
&lt;div style=&quot;position: relative; height: 792px; width: 612px;&quot;&gt;&lt;style type=&quot;text/css&quot;&gt;
.txt { white-space:nowrap; }
.p2f0 { font-family:sans-serif; font-weight:normal; font-style:normal; }
.p2f1 { font-family:sans-serif; font-weight:normal; font-style:normal; }
.p2f2 { font-family:sans-serif; font-weight:normal; font-style:normal; }
.p2f3 { font-family:sans-serif; font-weight:normal; font-style:normal; }
.p2f4 { font-family:sans-serif; font-weight:normal; font-style:normal; }
.p2f5 { font-family:sans-serif; font-weight:normal; font-style:normal; }
.p2f6 { font-family:sans-serif; font-weight:normal; font-style:normal; }
.p2f7 { font-family:monospace; font-weight:normal; font-style:normal; }
.p2f8 { font-family:sans-serif; font-weight:normal; font-style:normal; }
.p2f9 { font-family:sans-serif; font-weight:normal; font-style:normal; }
.p2f10 { font-family:sans-serif; font-weight:normal; font-style:normal; }
.p2f11 { font-family:sans-serif; font-weight:normal; font-style:normal; }
.p2f12 { font-family:sans-serif; font-weight:normal; font-style:normal; }
.p2f13 { font-family:sans-serif; font-weight:normal; font-style:normal; }
.p2f14 { font-family:sans-serif; font-weight:normal; font-style:normal; }
.p2f15 { font-family:sans-serif; font-weight:normal; font-style:normal; }
.p2f16 { font-family:sans-serif; font-weight:normal; font-style:normal; }
.p2f17 { font-family:sans-serif; font-weight:normal; font-style:normal; }
.p2f18 { font-family:sans-serif; font-weight:normal; font-style:normal; }
.p2f19 { font-family:sans-serif; font-weight:normal; font-style:normal; }
.p2f20 { font-family:sans-serif; font-weight:normal; font-style:normal; }
.p2f21 { font-family:sans-serif; font-weight:normal; font-style:normal; }
.p2f22 { font-family:sans-serif; font-weight:normal; font-style:normal; }
.p2f23 { font-family:sans-serif; font-weight:normal; font-style:normal; }
.p2f24 { font-family:sans-serif; font-weight:normal; font-style:normal; }
.p2f25 { font-family:sans-serif; font-weight:normal; font-style:normal; }
.p2f26 { font-family:sans-serif; font-weight:normal; font-style:normal; }
.p2f27 { font-family:sans-serif; font-weight:normal; font-style:normal; }
.p2f28 { font-family:sans-serif; font-weight:normal; font-style:normal; }
.p2f29 { font-family:sans-serif; font-weight:normal; font-style:normal; }
.p2f30 { font-family:sans-serif; font-weight:normal; font-style:normal; }
.p2f31 { font-family:sans-serif; font-weight:normal; font-style:normal; }
.p2f32 { font-family:sans-serif; font-weight:bold; font-style:normal; }
.p2f33 { font-family:sans-serif; font-weight:normal; font-style:normal; }
.p2f34 { font-family:sans-serif; font-weight:normal; font-style:normal; }
.p2f35 { font-family:sans-serif; font-weight:normal; font-style:normal; }
.p2f36 { font-family:sans-serif; font-weight:normal; font-style:normal; }
.p2f37 { font-family:sans-serif; font-weight:normal; font-style:normal; }
.p2f38 { font-family:sans-serif; font-weight:normal; font-style:normal; }
.p2f39 { font-family:sans-serif; font-weight:normal; font-style:normal; }
.p2f40 { font-family:sans-serif; font-weight:normal; font-style:normal; }
.p2f41 { font-family:sans-serif; font-weight:normal; font-style:normal; }
.p2f42 { font-family:sans-serif; font-weight:normal; font-style:normal; }
.p2f43 { font-family:sans-serif; font-weight:normal; font-style:normal; }
.p2f44 { font-family:sans-serif; font-weight:normal; font-style:normal; }
&lt;/style&gt;
&lt;img class=&quot;background&quot; height=&quot;792&quot; id=&quot;background2&quot; src=&quot;_httpdocimg_/page2.png&quot; style=&quot;position:absolute; left:0px; top:0px;&quot; width=&quot;612&quot;&gt;
&lt;div class=&quot;txt&quot; style=&quot;position:absolute; left:90px; top:355px;&quot;&gt;&lt;span class=&quot;p2f1&quot; style=&quot;font-size:10px;vertical-align:baseline;color:rgba(0,0,0,1);&quot;&gt;4. &lt;/span&gt;&lt;span class=&quot;p2f9&quot; style=&quot;font-size:11px;vertical-align:baseline;color:rgba(0,0,0,1);&quot;&gt;Би можело да се постават истите податоци во различни елементи на прво ниво, но тоа би&lt;/span&gt;&lt;/div&gt;
&lt;div class=&quot;txt&quot; style=&quot;position:absolute; left:108px; top:369px;&quot;&gt;&lt;span class=&quot;p2f9&quot; style=&quot;font-size:11px;vertical-align:baseline;color:rgba(0,0,0,1);&quot;&gt;значело редундантни податоци. Затоа сметав дека реализираниот начин е подобар.&lt;/span&gt;&lt;/div&gt;
&lt;div class=&quot;txt&quot; style=&quot;position:absolute; left:108px; top:384px;&quot;&gt;&lt;span class=&quot;p2f9&quot; style=&quot;font-size:11px;vertical-align:baseline;color:rgba(0,0,0,1);&quot;&gt;За брз пристап до Албумите може да се зачуваат во елемент на 1во ниво и да се&lt;/span&gt;&lt;/div&gt;
&lt;div class=&quot;txt&quot; style=&quot;position:absolute; left:108px; top:398px;&quot;&gt;&lt;span class=&quot;p2f9&quot; style=&quot;font-size:11px;vertical-align:baseline;color:rgba(0,0,0,1);&quot;&gt;пристапуваат со &lt;/span&gt;&lt;span class=&quot;p2f1&quot; style=&quot;font-size:10px;vertical-align:baseline;color:rgba(0,0,0,1);&quot;&gt;IDREFS&lt;/span&gt;&lt;/div&gt;
&lt;/div&gt;
&lt;/div&gt;

&lt;div id=&quot;page3&quot;&gt;
</Content>
</Section>
<Section>
  <Description>
    <Metadata name="Title">Page 3</Metadata>
  </Description>
  <Content>
&lt;div style=&quot;position: relative; height: 792px; width: 612px;&quot;&gt;&lt;style type=&quot;text/css&quot;&gt;
.txt { white-space:nowrap; }
.p3f0 { font-family:sans-serif; font-weight:normal; font-style:normal; }
.p3f1 { font-family:sans-serif; font-weight:bold; font-style:normal; }
.p3f2 { font-family:sans-serif; font-weight:normal; font-style:normal; }
.p3f3 { font-family:sans-serif; font-weight:bold; font-style:normal; }
.p3f4 { font-family:sans-serif; font-weight:normal; font-style:normal; }
.p3f5 { font-family:sans-serif; font-weight:normal; font-style:normal; }
.p3f6 { font-family:sans-serif; font-weight:normal; font-style:normal; }
.p3f7 { font-family:sans-serif; font-weight:normal; font-style:normal; }
.p3f8 { font-family:monospace; font-weight:normal; font-style:normal; }
.p3f9 { font-family:sans-serif; font-weight:normal; font-style:normal; }
.p3f10 { font-family:sans-serif; font-weight:normal; font-style:normal; }
.p3f11 { font-family:sans-serif; font-weight:normal; font-style:normal; }
.p3f12 { font-family:sans-serif; font-weight:normal; font-style:normal; }
.p3f13 { font-family:sans-serif; font-weight:normal; font-style:normal; }
.p3f14 { font-family:sans-serif; font-weight:normal; font-style:normal; }
.p3f15 { font-family:sans-serif; font-weight:normal; font-style:normal; }
.p3f16 { font-family:sans-serif; font-weight:normal; font-style:normal; }
.p3f17 { font-family:sans-serif; font-weight:normal; font-style:normal; }
.p3f18 { font-family:sans-serif; font-weight:normal; font-style:normal; }
.p3f19 { font-family:sans-serif; font-weight:normal; font-style:normal; }
.p3f20 { font-family:sans-serif; font-weight:normal; font-style:normal; }
.p3f21 { font-family:sans-serif; font-weight:normal; font-style:normal; }
.p3f22 { font-family:sans-serif; font-weight:normal; font-style:normal; }
.p3f23 { font-family:sans-serif; font-weight:normal; font-style:normal; }
.p3f24 { font-family:sans-serif; font-weight:normal; font-style:normal; }
.p3f25 { font-family:sans-serif; font-weight:normal; font-style:normal; }
.p3f26 { font-family:sans-serif; font-weight:normal; font-style:normal; }
.p3f27 { font-family:sans-serif; font-weight:normal; font-style:normal; }
.p3f28 { font-family:sans-serif; font-weight:normal; font-style:normal; }
.p3f29 { font-family:sans-serif; font-weight:normal; font-style:normal; }
.p3f30 { font-family:sans-serif; font-weight:normal; font-style:normal; }
&lt;/style&gt;
&lt;img class=&quot;background&quot; height=&quot;792&quot; id=&quot;background3&quot; src=&quot;_httpdocimg_/page3.png&quot; style=&quot;position:absolute; left:0px; top:0px;&quot; width=&quot;612&quot;&gt;
&lt;div class=&quot;txt&quot; style=&quot;position:absolute; left:72px; top:107px;&quot;&gt;&lt;span class=&quot;p3f3&quot; style=&quot;font-size:18px;vertical-align:baseline;color:rgba(0,0,0,1);&quot;&gt;ЗАДАЧА 2&lt;/span&gt;&lt;/div&gt;
&lt;div class=&quot;txt&quot; style=&quot;position:absolute; left:108px; top:137px;&quot;&gt;&lt;span class=&quot;p3f6&quot; style=&quot;font-size:10px;vertical-align:baseline;color:rgba(0,0,0,1);&quot;&gt;1. &lt;/span&gt;&lt;span class=&quot;p3f10&quot; style=&quot;font-size:11px;vertical-align:baseline;color:rgba(0,0,0,1);&quot;&gt;Сите потребни информации се сместени во АРТИСТ, само потребно е да се направи&lt;/span&gt;&lt;/div&gt;
&lt;div class=&quot;txt&quot; style=&quot;position:absolute; left:126px; top:152px;&quot;&gt;&lt;span class=&quot;p3f10&quot; style=&quot;font-size:11px;vertical-align:baseline;color:rgba(0,0,0,1);&quot;&gt;филтрирање да не се враќаат сите податоци туку само наведените.&lt;/span&gt;&lt;/div&gt;
&lt;div class=&quot;txt&quot; style=&quot;position:absolute; left:108px; top:519px;&quot;&gt;&lt;span class=&quot;p3f6&quot; style=&quot;font-size:10px;vertical-align:baseline;color:rgba(0,0,0,1);&quot;&gt;2. &lt;/span&gt;&lt;span class=&quot;p3f10&quot; style=&quot;font-size:11px;vertical-align:baseline;color:rgba(0,0,0,1);&quot;&gt;За секој клиент се брои колку тагови &lt;/span&gt;&lt;span class=&quot;p3f6&quot; style=&quot;font-size:10px;vertical-align:baseline;color:rgba(0,0,0,1);&quot;&gt;RENTED &lt;/span&gt;&lt;span class=&quot;p3f10&quot; style=&quot;font-size:11px;vertical-align:baseline;color:rgba(0,0,0,1);&quot;&gt;има вгнездени, се сортира во опаѓачки&lt;/span&gt;&lt;/div&gt;
&lt;div class=&quot;txt&quot; style=&quot;position:absolute; left:126px; top:534px;&quot;&gt;&lt;span class=&quot;p3f10&quot; style=&quot;font-size:11px;vertical-align:baseline;color:rgba(0,0,0,1);&quot;&gt;редослед и се зема првиот Клиент.&lt;/span&gt;&lt;/div&gt;
&lt;/div&gt;
&lt;/div&gt;

&lt;div id=&quot;page4&quot;&gt;
</Content>
</Section>
<Section>
  <Description>
    <Metadata name="Title">Page 4</Metadata>
  </Description>
  <Content>
&lt;div style=&quot;position: relative; height: 792px; width: 612px;&quot;&gt;&lt;style type=&quot;text/css&quot;&gt;
.txt { white-space:nowrap; }
.p4f0 { font-family:sans-serif; font-weight:normal; font-style:normal; }
.p4f1 { font-family:sans-serif; font-weight:normal; font-style:normal; }
.p4f2 { font-family:sans-serif; font-weight:normal; font-style:normal; }
.p4f3 { font-family:sans-serif; font-weight:normal; font-style:normal; }
.p4f4 { font-family:sans-serif; font-weight:normal; font-style:normal; }
.p4f5 { font-family:sans-serif; font-weight:normal; font-style:normal; }
.p4f6 { font-family:monospace; font-weight:normal; font-style:normal; }
.p4f7 { font-family:sans-serif; font-weight:normal; font-style:normal; }
.p4f8 { font-family:sans-serif; font-weight:normal; font-style:normal; }
.p4f9 { font-family:sans-serif; font-weight:normal; font-style:normal; }
.p4f10 { font-family:sans-serif; font-weight:normal; font-style:normal; }
.p4f11 { font-family:sans-serif; font-weight:normal; font-style:normal; }
.p4f12 { font-family:sans-serif; font-weight:normal; font-style:normal; }
.p4f13 { font-family:sans-serif; font-weight:normal; font-style:normal; }
.p4f14 { font-family:sans-serif; font-weight:normal; font-style:normal; }
.p4f15 { font-family:sans-serif; font-weight:normal; font-style:normal; }
.p4f16 { font-family:sans-serif; font-weight:normal; font-style:normal; }
.p4f17 { font-family:sans-serif; font-weight:normal; font-style:normal; }
.p4f18 { font-family:sans-serif; font-weight:normal; font-style:normal; }
.p4f19 { font-family:sans-serif; font-weight:normal; font-style:normal; }
.p4f20 { font-family:sans-serif; font-weight:normal; font-style:normal; }
.p4f21 { font-family:sans-serif; font-weight:normal; font-style:normal; }
.p4f22 { font-family:sans-serif; font-weight:normal; font-style:normal; }
.p4f23 { font-family:sans-serif; font-weight:normal; font-style:normal; }
.p4f24 { font-family:sans-serif; font-weight:normal; font-style:normal; }
.p4f25 { font-family:sans-serif; font-weight:normal; font-style:normal; }
.p4f26 { font-family:sans-serif; font-weight:normal; font-style:normal; }
.p4f27 { font-family:sans-serif; font-weight:normal; font-style:normal; }
.p4f28 { font-family:sans-serif; font-weight:normal; font-style:normal; }
.p4f29 { font-family:sans-serif; font-weight:normal; font-style:normal; }
.p4f30 { font-family:sans-serif; font-weight:normal; font-style:normal; }
.p4f31 { font-family:sans-serif; font-weight:normal; font-style:normal; }
.p4f32 { font-family:sans-serif; font-weight:normal; font-style:normal; }
.p4f33 { font-family:sans-serif; font-weight:normal; font-style:normal; }
.p4f34 { font-family:sans-serif; font-weight:normal; font-style:normal; }
.p4f35 { font-family:sans-serif; font-weight:normal; font-style:normal; }
.p4f36 { font-family:sans-serif; font-weight:normal; font-style:normal; }
.p4f37 { font-family:sans-serif; font-weight:normal; font-style:normal; }
.p4f38 { font-family:sans-serif; font-weight:normal; font-style:normal; }
.p4f39 { font-family:sans-serif; font-weight:normal; font-style:normal; }
.p4f40 { font-family:sans-serif; font-weight:normal; font-style:normal; }
.p4f41 { font-family:sans-serif; font-weight:normal; font-style:normal; }
.p4f42 { font-family:sans-serif; font-weight:normal; font-style:normal; }
.p4f43 { font-family:sans-serif; font-weight:normal; font-style:normal; }
.p4f44 { font-family:sans-serif; font-weight:normal; font-style:normal; }
.p4f45 { font-family:sans-serif; font-weight:normal; font-style:normal; }
.p4f46 { font-family:sans-serif; font-weight:normal; font-style:normal; }
.p4f47 { font-family:sans-serif; font-weight:normal; font-style:normal; }
.p4f48 { font-family:sans-serif; font-weight:normal; font-style:normal; }
.p4f49 { font-family:sans-serif; font-weight:normal; font-style:normal; }
.p4f50 { font-family:sans-serif; font-weight:normal; font-style:normal; }
.p4f51 { font-family:sans-serif; font-weight:normal; font-style:normal; }
.p4f52 { font-family:sans-serif; font-weight:normal; font-style:normal; }
.p4f53 { font-family:sans-serif; font-weight:normal; font-style:normal; }
.p4f54 { font-family:sans-serif; font-weight:normal; font-style:normal; }
.p4f55 { font-family:sans-serif; font-weight:normal; font-style:normal; }
.p4f56 { font-family:sans-serif; font-weight:normal; font-style:normal; }
&lt;/style&gt;
&lt;img class=&quot;background&quot; height=&quot;792&quot; id=&quot;background4&quot; src=&quot;_httpdocimg_/page4.png&quot; style=&quot;position:absolute; left:0px; top:0px;&quot; width=&quot;612&quot;&gt;
&lt;div class=&quot;txt&quot; style=&quot;position:absolute; left:108px; top:351px;&quot;&gt;&lt;span class=&quot;p4f1&quot; style=&quot;font-size:10px;vertical-align:baseline;color:rgba(0,0,0,1);&quot;&gt;3. &lt;/span&gt;&lt;span class=&quot;p4f8&quot; style=&quot;font-size:11px;vertical-align:baseline;color:rgba(0,0,0,1);&quot;&gt;За да се ограничи периодот уште при земањето на информациите за изнајмување&lt;/span&gt;&lt;/div&gt;
&lt;div class=&quot;txt&quot; style=&quot;position:absolute; left:126px; top:366px;&quot;&gt;&lt;span class=&quot;p4f8&quot; style=&quot;font-size:11px;vertical-align:baseline;color:rgba(0,0,0,1);&quot;&gt;филтрираме по датум. Потоа се групира по ЦД и се враќа таг во форма&lt;/span&gt;&lt;/div&gt;
&lt;div class=&quot;txt&quot; style=&quot;position:absolute; left:126px; top:380px;&quot;&gt;&lt;span class=&quot;p4f1&quot; style=&quot;font-size:10px;vertical-align:baseline;color:rgba(0,0,0,1);&quot;&gt;&amp;lt;group cd=&lt;/span&gt;&lt;span class=&quot;p4f8&quot; style=&quot;font-size:11px;vertical-align:baseline;color:rgba(0,0,0,1);&quot;&gt;”” &lt;/span&gt;&lt;span class=&quot;p4f1&quot; style=&quot;font-size:10px;vertical-align:baseline;color:rgba(0,0,0,1);&quot;&gt;val=&lt;/span&gt;&lt;span class=&quot;p4f8&quot; style=&quot;font-size:11px;vertical-align:baseline;color:rgba(0,0,0,1);&quot;&gt;””&lt;/span&gt;&lt;span class=&quot;p4f1&quot; style=&quot;font-size:10px;vertical-align:baseline;color:rgba(0,0,0,1);&quot;&gt;&amp;gt; &lt;/span&gt;&lt;span class=&quot;p4f8&quot; style=&quot;font-size:11px;vertical-align:baseline;color:rgba(0,0,0,1);&quot;&gt;каде во вал се чува број на изнајмувања за тоа ЦД. На вака&lt;/span&gt;&lt;/div&gt;
&lt;div class=&quot;txt&quot; style=&quot;position:absolute; left:126px; top:395px;&quot;&gt;&lt;span class=&quot;p4f8&quot; style=&quot;font-size:11px;vertical-align:baseline;color:rgba(0,0,0,1);&quot;&gt;вратените резултати се прави мапирање со Албум така што ја користиме информацијата&lt;/span&gt;&lt;/div&gt;
&lt;div class=&quot;txt&quot; style=&quot;position:absolute; left:126px; top:409px;&quot;&gt;&lt;span class=&quot;p4f8&quot; style=&quot;font-size:11px;vertical-align:baseline;color:rgba(0,0,0,1);&quot;&gt;за кое ЦД на кој албум припаѓа&lt;/span&gt;&lt;span class=&quot;p4f1&quot; style=&quot;font-size:10px;vertical-align:baseline;color:rgba(0,0,0,1);&quot;&gt;. &lt;/span&gt;&lt;span class=&quot;p4f8&quot; style=&quot;font-size:11px;vertical-align:baseline;color:rgba(0,0,0,1);&quot;&gt;Потоа се прави групирање по албум и сумирање на&lt;/span&gt;&lt;/div&gt;
&lt;div class=&quot;txt&quot; style=&quot;position:absolute; left:126px; top:424px;&quot;&gt;&lt;span class=&quot;p4f8&quot; style=&quot;font-size:11px;vertical-align:baseline;color:rgba(0,0,0,1);&quot;&gt;вредностите. Се филтрираат оние поголеми од &lt;/span&gt;&lt;span class=&quot;p4f1&quot; style=&quot;font-size:10px;vertical-align:baseline;color:rgba(0,0,0,1);&quot;&gt;3.&lt;/span&gt;&lt;/div&gt;
&lt;/div&gt;
&lt;/div&gt;

&lt;div id=&quot;page5&quot;&gt;
</Content>
</Section>
<Section>
  <Description>
    <Metadata name="Title">Page 5</Metadata>
  </Description>
  <Content>
&lt;div style=&quot;position: relative; height: 792px; width: 612px;&quot;&gt;&lt;style type=&quot;text/css&quot;&gt;
.txt { white-space:nowrap; }
.p5f0 { font-family:sans-serif; font-weight:normal; font-style:normal; }
.p5f1 { font-family:sans-serif; font-weight:normal; font-style:normal; }
.p5f2 { font-family:sans-serif; font-weight:normal; font-style:normal; }
.p5f3 { font-family:sans-serif; font-weight:normal; font-style:normal; }
.p5f4 { font-family:sans-serif; font-weight:normal; font-style:normal; }
.p5f5 { font-family:sans-serif; font-weight:normal; font-style:normal; }
.p5f6 { font-family:monospace; font-weight:normal; font-style:normal; }
.p5f7 { font-family:sans-serif; font-weight:normal; font-style:normal; }
.p5f8 { font-family:sans-serif; font-weight:normal; font-style:normal; }
.p5f9 { font-family:sans-serif; font-weight:normal; font-style:normal; }
.p5f10 { font-family:sans-serif; font-weight:normal; font-style:normal; }
.p5f11 { font-family:sans-serif; font-weight:normal; font-style:normal; }
.p5f12 { font-family:sans-serif; font-weight:normal; font-style:normal; }
.p5f13 { font-family:sans-serif; font-weight:normal; font-style:normal; }
.p5f14 { font-family:sans-serif; font-weight:normal; font-style:normal; }
.p5f15 { font-family:sans-serif; font-weight:normal; font-style:normal; }
.p5f16 { font-family:sans-serif; font-weight:normal; font-style:normal; }
.p5f17 { font-family:sans-serif; font-weight:normal; font-style:normal; }
.p5f18 { font-family:sans-serif; font-weight:normal; font-style:normal; }
.p5f19 { font-family:sans-serif; font-weight:normal; font-style:normal; }
.p5f20 { font-family:sans-serif; font-weight:normal; font-style:normal; }
.p5f21 { font-family:sans-serif; font-weight:normal; font-style:normal; }
.p5f22 { font-family:sans-serif; font-weight:normal; font-style:normal; }
.p5f23 { font-family:sans-serif; font-weight:normal; font-style:normal; }
.p5f24 { font-family:sans-serif; font-weight:normal; font-style:normal; }
.p5f25 { font-family:sans-serif; font-weight:normal; font-style:normal; }
.p5f26 { font-family:sans-serif; font-weight:normal; font-style:normal; }
.p5f27 { font-family:sans-serif; font-weight:normal; font-style:normal; }
.p5f28 { font-family:sans-serif; font-weight:normal; font-style:normal; }
.p5f29 { font-family:sans-serif; font-weight:normal; font-style:normal; }
.p5f30 { font-family:sans-serif; font-weight:normal; font-style:normal; }
.p5f31 { font-family:sans-serif; font-weight:normal; font-style:normal; }
.p5f32 { font-family:sans-serif; font-weight:normal; font-style:normal; }
.p5f33 { font-family:sans-serif; font-weight:normal; font-style:normal; }
.p5f34 { font-family:sans-serif; font-weight:normal; font-style:normal; }
.p5f35 { font-family:sans-serif; font-weight:normal; font-style:normal; }
.p5f36 { font-family:sans-serif; font-weight:normal; font-style:normal; }
.p5f37 { font-family:sans-serif; font-weight:normal; font-style:normal; }
.p5f38 { font-family:sans-serif; font-weight:normal; font-style:normal; }
.p5f39 { font-family:sans-serif; font-weight:normal; font-style:normal; }
.p5f40 { font-family:sans-serif; font-weight:normal; font-style:normal; }
.p5f41 { font-family:sans-serif; font-weight:normal; font-style:normal; }
&lt;/style&gt;
&lt;img class=&quot;background&quot; height=&quot;792&quot; id=&quot;background5&quot; src=&quot;_httpdocimg_/page5.png&quot; style=&quot;position:absolute; left:0px; top:0px;&quot; width=&quot;612&quot;&gt;
&lt;div class=&quot;txt&quot; style=&quot;position:absolute; left:108px; top:470px;&quot;&gt;&lt;span class=&quot;p5f1&quot; style=&quot;font-size:10px;vertical-align:baseline;color:rgba(0,0,0,1);&quot;&gt;4. &lt;/span&gt;&lt;span class=&quot;p5f8&quot; style=&quot;font-size:11px;vertical-align:baseline;color:rgba(0,0,0,1);&quot;&gt;Првин се бара кој е албумот кој бил најчесто изнајмуван. Се добива дека тоа е Албум со&lt;/span&gt;&lt;/div&gt;
&lt;div class=&quot;txt&quot; style=&quot;position:absolute; left:126px; top:484px;&quot;&gt;&lt;span class=&quot;p5f8&quot; style=&quot;font-size:11px;vertical-align:baseline;color:rgba(0,0,0,1);&quot;&gt;ид 13. Потоа со помош на &lt;/span&gt;&lt;span class=&quot;p5f1&quot; style=&quot;font-size:10px;vertical-align:baseline;color:rgba(0,0,0,1);&quot;&gt;for &lt;/span&gt;&lt;span class=&quot;p5f8&quot; style=&quot;font-size:11px;vertical-align:baseline;color:rgba(0,0,0,1);&quot;&gt;циклуси се прави поврзување на информациите за ЦДата&lt;/span&gt;&lt;/div&gt;
&lt;div class=&quot;txt&quot; style=&quot;position:absolute; left:126px; top:499px;&quot;&gt;&lt;span class=&quot;p5f8&quot; style=&quot;font-size:11px;vertical-align:baseline;color:rgba(0,0,0,1);&quot;&gt;чиј албум е токму пронајдениот. Од прави поврзување и на клиентите кои изнајмувале&lt;/span&gt;&lt;/div&gt;
&lt;div class=&quot;txt&quot; style=&quot;position:absolute; left:126px; top:513px;&quot;&gt;&lt;span class=&quot;p5f8&quot; style=&quot;font-size:11px;vertical-align:baseline;color:rgba(0,0,0,1);&quot;&gt;ЦД&lt;/span&gt;&lt;span class=&quot;p5f1&quot; style=&quot;font-size:10px;vertical-align:baseline;color:rgba(0,0,0,1);&quot;&gt;-&lt;/span&gt;&lt;span class=&quot;p5f8&quot; style=&quot;font-size:11px;vertical-align:baseline;color:rgba(0,0,0,1);&quot;&gt;а кои спаѓаат во овој албум и се прави групирање за да се пребројат бројот на&lt;/span&gt;&lt;/div&gt;
&lt;div class=&quot;txt&quot; style=&quot;position:absolute; left:126px; top:528px;&quot;&gt;&lt;span class=&quot;p5f8&quot; style=&quot;font-size:11px;vertical-align:baseline;color:rgba(0,0,0,1);&quot;&gt;изнајмувања&lt;/span&gt;&lt;span class=&quot;p5f1&quot; style=&quot;font-size:10px;vertical-align:baseline;color:rgba(0,0,0,1);&quot;&gt;.&lt;/span&gt;&lt;/div&gt;
&lt;/div&gt;
&lt;/div&gt;

&lt;div id=&quot;page6&quot;&gt;
</Content>
</Section>
<Section>
  <Description>
    <Metadata name="Title">Page 6</Metadata>
  </Description>
  <Content>
&lt;div style=&quot;position: relative; height: 792px; width: 612px;&quot;&gt;&lt;style type=&quot;text/css&quot;&gt;
.txt { white-space:nowrap; }
.p6f0 { font-family:sans-serif; font-weight:normal; font-style:normal; }
.p6f1 { font-family:sans-serif; font-weight:normal; font-style:normal; }
.p6f2 { font-family:sans-serif; font-weight:normal; font-style:normal; }
.p6f3 { font-family:sans-serif; font-weight:normal; font-style:normal; }
.p6f4 { font-family:sans-serif; font-weight:normal; font-style:normal; }
.p6f5 { font-family:monospace; font-weight:normal; font-style:normal; }
.p6f6 { font-family:sans-serif; font-weight:normal; font-style:normal; }
.p6f7 { font-family:sans-serif; font-weight:normal; font-style:normal; }
.p6f8 { font-family:sans-serif; font-weight:normal; font-style:normal; }
.p6f9 { font-family:sans-serif; font-weight:normal; font-style:normal; }
.p6f10 { font-family:sans-serif; font-weight:normal; font-style:normal; }
.p6f11 { font-family:sans-serif; font-weight:normal; font-style:normal; }
.p6f12 { font-family:sans-serif; font-weight:normal; font-style:normal; }
.p6f13 { font-family:sans-serif; font-weight:normal; font-style:normal; }
.p6f14 { font-family:sans-serif; font-weight:normal; font-style:normal; }
.p6f15 { font-family:sans-serif; font-weight:normal; font-style:normal; }
.p6f16 { font-family:sans-serif; font-weight:normal; font-style:normal; }
.p6f17 { font-family:sans-serif; font-weight:normal; font-style:normal; }
.p6f18 { font-family:sans-serif; font-weight:normal; font-style:normal; }
.p6f19 { font-family:sans-serif; font-weight:normal; font-style:normal; }
.p6f20 { font-family:sans-serif; font-weight:normal; font-style:normal; }
.p6f21 { font-family:sans-serif; font-weight:normal; font-style:normal; }
.p6f22 { font-family:sans-serif; font-weight:normal; font-style:normal; }
&lt;/style&gt;
&lt;img class=&quot;background&quot; height=&quot;792&quot; id=&quot;background6&quot; src=&quot;_httpdocimg_/page6.png&quot; style=&quot;position:absolute; left:0px; top:0px;&quot; width=&quot;612&quot;&gt;
&lt;div class=&quot;txt&quot; style=&quot;position:absolute; left:108px; top:337px;&quot;&gt;&lt;span class=&quot;p6f1&quot; style=&quot;font-size:10px;vertical-align:baseline;color:rgba(0,0,0,1);&quot;&gt;5. &lt;/span&gt;&lt;span class=&quot;p6f7&quot; style=&quot;font-size:11px;vertical-align:baseline;color:rgba(0,0,0,1);&quot;&gt;За секое ЦД се брои колку пати е изнајмено, потоа се мапира со информациите за Цд за&lt;/span&gt;&lt;/div&gt;
&lt;div class=&quot;txt&quot; style=&quot;position:absolute; left:126px; top:351px;&quot;&gt;&lt;span class=&quot;p6f7&quot; style=&quot;font-size:11px;vertical-align:baseline;color:rgba(0,0,0,1);&quot;&gt;да имаме пристап до Албумот на ЦДто. Се групира по албум и се прави просек.&lt;/span&gt;&lt;/div&gt;
&lt;/div&gt;
&lt;/div&gt;

&lt;div id=&quot;page7&quot;&gt;
</Content>
</Section>
<Section>
  <Description>
    <Metadata name="Title">Page 7</Metadata>
  </Description>
  <Content>
&lt;div style=&quot;position: relative; height: 792px; width: 612px;&quot;&gt;&lt;style type=&quot;text/css&quot;&gt;
.txt { white-space:nowrap; }
.p7f0 { font-family:sans-serif; font-weight:normal; font-style:normal; }
.p7f1 { font-family:sans-serif; font-weight:normal; font-style:normal; }
.p7f2 { font-family:sans-serif; font-weight:normal; font-style:normal; }
.p7f3 { font-family:monospace; font-weight:normal; font-style:normal; }
.p7f4 { font-family:sans-serif; font-weight:normal; font-style:normal; }
.p7f5 { font-family:sans-serif; font-weight:normal; font-style:normal; }
.p7f6 { font-family:sans-serif; font-weight:normal; font-style:normal; }
.p7f7 { font-family:sans-serif; font-weight:normal; font-style:normal; }
.p7f8 { font-family:sans-serif; font-weight:normal; font-style:normal; }
.p7f9 { font-family:sans-serif; font-weight:normal; font-style:normal; }
.p7f10 { font-family:sans-serif; font-weight:normal; font-style:normal; }
.p7f11 { font-family:sans-serif; font-weight:normal; font-style:normal; }
.p7f12 { font-family:sans-serif; font-weight:normal; font-style:normal; }
.p7f13 { font-family:sans-serif; font-weight:normal; font-style:normal; }
.p7f14 { font-family:sans-serif; font-weight:normal; font-style:normal; }
.p7f15 { font-family:sans-serif; font-weight:normal; font-style:normal; }
.p7f16 { font-family:sans-serif; font-weight:normal; font-style:normal; }
.p7f17 { font-family:sans-serif; font-weight:normal; font-style:normal; }
.p7f18 { font-family:sans-serif; font-weight:normal; font-style:normal; }
.p7f19 { font-family:sans-serif; font-weight:normal; font-style:normal; }
.p7f20 { font-family:sans-serif; font-weight:normal; font-style:normal; }
.p7f21 { font-family:sans-serif; font-weight:normal; font-style:normal; }
.p7f22 { font-family:sans-serif; font-weight:normal; font-style:normal; }
.p7f23 { font-family:sans-serif; font-weight:normal; font-style:normal; }
.p7f24 { font-family:sans-serif; font-weight:normal; font-style:normal; }
.p7f25 { font-family:sans-serif; font-weight:normal; font-style:normal; }
.p7f26 { font-family:sans-serif; font-weight:normal; font-style:normal; }
.p7f27 { font-family:sans-serif; font-weight:normal; font-style:normal; }
.p7f28 { font-family:sans-serif; font-weight:normal; font-style:normal; }
.p7f29 { font-family:sans-serif; font-weight:normal; font-style:normal; }
.p7f30 { font-family:sans-serif; font-weight:normal; font-style:normal; }
.p7f31 { font-family:sans-serif; font-weight:normal; font-style:normal; }
.p7f32 { font-family:sans-serif; font-weight:normal; font-style:normal; }
.p7f33 { font-family:sans-serif; font-weight:normal; font-style:normal; }
.p7f34 { font-family:sans-serif; font-weight:normal; font-style:normal; }
.p7f35 { font-family:sans-serif; font-weight:normal; font-style:normal; }
.p7f36 { font-family:sans-serif; font-weight:normal; font-style:normal; }
.p7f37 { font-family:sans-serif; font-weight:normal; font-style:normal; }
.p7f38 { font-family:sans-serif; font-weight:normal; font-style:normal; }
.p7f39 { font-family:sans-serif; font-weight:normal; font-style:normal; }
.p7f40 { font-family:sans-serif; font-weight:normal; font-style:normal; }
.p7f41 { font-family:sans-serif; font-weight:normal; font-style:normal; }
.p7f42 { font-family:sans-serif; font-weight:normal; font-style:normal; }
.p7f43 { font-family:sans-serif; font-weight:normal; font-style:normal; }
.p7f44 { font-family:sans-serif; font-weight:normal; font-style:normal; }
.p7f45 { font-family:sans-serif; font-weight:normal; font-style:normal; }
.p7f46 { font-family:sans-serif; font-weight:normal; font-style:normal; }
.p7f47 { font-family:sans-serif; font-weight:normal; font-style:normal; }
.p7f48 { font-family:sans-serif; font-weight:normal; font-style:normal; }
.p7f49 { font-family:sans-serif; font-weight:normal; font-style:normal; }
.p7f50 { font-family:sans-serif; font-weight:normal; font-style:normal; }
.p7f51 { font-family:sans-serif; font-weight:normal; font-style:normal; }
.p7f52 { font-family:sans-serif; font-weight:normal; font-style:normal; }
.p7f53 { font-family:sans-serif; font-weight:normal; font-style:normal; }
.p7f54 { font-family:sans-serif; font-weight:normal; font-style:normal; }
.p7f55 { font-family:sans-serif; font-weight:normal; font-style:normal; }
.p7f56 { font-family:sans-serif; font-weight:normal; font-style:normal; }
.p7f57 { font-family:sans-serif; font-weight:normal; font-style:normal; }
.p7f58 { font-family:sans-serif; font-weight:normal; font-style:normal; }
.p7f59 { font-family:sans-serif; font-weight:normal; font-style:normal; }
.p7f60 { font-family:sans-serif; font-weight:normal; font-style:normal; }
.p7f61 { font-family:sans-serif; font-weight:normal; font-style:normal; }
.p7f62 { font-family:sans-serif; font-weight:normal; font-style:normal; }
.p7f63 { font-family:sans-serif; font-weight:normal; font-style:normal; }
.p7f64 { font-family:sans-serif; font-weight:normal; font-style:normal; }
.p7f65 { font-family:sans-serif; font-weight:normal; font-style:normal; }
.p7f66 { font-family:sans-serif; font-weight:normal; font-style:normal; }
.p7f67 { font-family:sans-serif; font-weight:normal; font-style:normal; }
.p7f68 { font-family:sans-serif; font-weight:normal; font-style:normal; }
.p7f69 { font-family:sans-serif; font-weight:normal; font-style:normal; }
.p7f70 { font-family:sans-serif; font-weight:normal; font-style:normal; }
.p7f71 { font-family:sans-serif; font-weight:normal; font-style:normal; }
.p7f72 { font-family:sans-serif; font-weight:normal; font-style:normal; }
.p7f73 { font-family:sans-serif; font-weight:normal; font-style:normal; }
.p7f74 { font-family:sans-serif; font-weight:normal; font-style:normal; }
.p7f75 { font-family:sans-serif; font-weight:normal; font-style:normal; }
.p7f76 { font-family:sans-serif; font-weight:normal; font-style:normal; }
.p7f77 { font-family:sans-serif; font-weight:normal; font-style:normal; }
&lt;/style&gt;
&lt;img class=&quot;background&quot; height=&quot;792&quot; id=&quot;background7&quot; src=&quot;_httpdocimg_/page7.png&quot; style=&quot;position:absolute; left:0px; top:0px;&quot; width=&quot;612&quot;&gt;
&lt;div class=&quot;txt&quot; style=&quot;position:absolute; left:108px; top:74px;&quot;&gt;&lt;span class=&quot;p7f1&quot; style=&quot;font-size:10px;vertical-align:baseline;color:rgba(0,0,0,1);&quot;&gt;6. &lt;/span&gt;&lt;span class=&quot;p7f5&quot; style=&quot;font-size:11px;vertical-align:baseline;color:rgba(0,0,0,1);&quot;&gt;Слична логика како и во претходното. Само што овде се брои точно колку цедиња по&lt;/span&gt;&lt;/div&gt;
&lt;div class=&quot;txt&quot; style=&quot;position:absolute; left:126px; top:88px;&quot;&gt;&lt;span class=&quot;p7f5&quot; style=&quot;font-size:11px;vertical-align:baseline;color:rgba(0,0,0,1);&quot;&gt;албум се продале и се множи со цената. За да се филтрира цената се корирсти &lt;/span&gt;&lt;span class=&quot;p7f1&quot; style=&quot;font-size:10px;vertical-align:baseline;color:rgba(0,0,0,1);&quot;&gt;replace&lt;/span&gt;&lt;/div&gt;
&lt;div class=&quot;txt&quot; style=&quot;position:absolute; left:108px; top:436px;&quot;&gt;&lt;span class=&quot;p7f21&quot; style=&quot;font-size:12px;vertical-align:baseline;color:rgba(0,0,0,1);&quot;&gt;7. &lt;/span&gt;&lt;span class=&quot;p7f5&quot; style=&quot;font-size:11px;vertical-align:baseline;color:rgba(0,0,0,1);&quot;&gt;Во променливата &lt;/span&gt;&lt;span class=&quot;p7f26&quot; style=&quot;font-size:12px;vertical-align:baseline;color:rgba(149,49,149,1);&quot;&gt;$freeCDsAlbum &lt;/span&gt;&lt;span class=&quot;p7f5&quot; style=&quot;font-size:11px;vertical-align:baseline;color:rgba(0,0,0,1);&quot;&gt;се зачувуваат информации за Албумите и нивните&lt;/span&gt;&lt;/div&gt;
&lt;div class=&quot;txt&quot; style=&quot;position:absolute; left:126px; top:449px;&quot;&gt;&lt;span class=&quot;p7f5&quot; style=&quot;font-size:11px;vertical-align:baseline;color:rgba(0,0,0,1);&quot;&gt;Артисти, кои имаат барем едно ЦД чија состојба е &lt;/span&gt;&lt;span class=&quot;p7f1&quot; style=&quot;font-size:10px;vertical-align:baseline;color:rgba(0,0,0,1);&quot;&gt;Free, &lt;/span&gt;&lt;span class=&quot;p7f5&quot; style=&quot;font-size:11px;vertical-align:baseline;color:rgba(0,0,0,1);&quot;&gt;односно не е изнајмено во&lt;/span&gt;&lt;/div&gt;
&lt;div class=&quot;txt&quot; style=&quot;position:absolute; left:126px; top:462px;&quot;&gt;&lt;span class=&quot;p7f5&quot; style=&quot;font-size:11px;vertical-align:baseline;color:rgba(0,0,0,1);&quot;&gt;моментот.&lt;/span&gt;&lt;/div&gt;
&lt;div class=&quot;txt&quot; style=&quot;position:absolute; left:126px; top:476px;&quot;&gt;&lt;span class=&quot;p7f5&quot; style=&quot;font-size:11px;vertical-align:baseline;color:rgba(0,0,0,1);&quot;&gt;Во променливата &lt;/span&gt;&lt;span class=&quot;p7f26&quot; style=&quot;font-size:12px;vertical-align:baseline;color:rgba(149,49,149,1);&quot;&gt;$countedByAlbum &lt;/span&gt;&lt;span class=&quot;p7f5&quot; style=&quot;font-size:11px;vertical-align:baseline;color:rgba(0,0,0,1);&quot;&gt;се чува колку пати е изнајмен секој од албумите.&lt;/span&gt;&lt;/div&gt;
&lt;div class=&quot;txt&quot; style=&quot;position:absolute; left:126px; top:491px;&quot;&gt;&lt;span class=&quot;p7f5&quot; style=&quot;font-size:11px;vertical-align:baseline;color:rgba(0,0,0,1);&quot;&gt;Потоа се филтрираат само оние албуми кои се дел од променливата &lt;/span&gt;&lt;span class=&quot;p7f26&quot; style=&quot;font-size:12px;vertical-align:baseline;color:rgba(149,49,149,1);&quot;&gt;freeCDsAlbum&lt;/span&gt;&lt;/div&gt;
&lt;div class=&quot;txt&quot; style=&quot;position:absolute; left:126px; top:504px;&quot;&gt;&lt;span class=&quot;p7f5&quot; style=&quot;font-size:11px;vertical-align:baseline;color:rgba(0,0,0,1);&quot;&gt;односно имаат слободно ЦД.&lt;/span&gt;&lt;/div&gt;
&lt;div class=&quot;txt&quot; style=&quot;position:absolute; left:126px; top:517px;&quot;&gt;&lt;span class=&quot;p7f5&quot; style=&quot;font-size:11px;vertical-align:baseline;color:rgba(0,0,0,1);&quot;&gt;Се сортира според бројот на изнајмувања и се враќа првиот резултат односно групата&lt;/span&gt;&lt;/div&gt;
&lt;div class=&quot;txt&quot; style=&quot;position:absolute; left:126px; top:531px;&quot;&gt;&lt;span class=&quot;p7f5&quot; style=&quot;font-size:11px;vertical-align:baseline;color:rgba(0,0,0,1);&quot;&gt;која има најмногу изнајмувања и ЦД кое не е изнајмено&lt;/span&gt;&lt;/div&gt;
&lt;/div&gt;
&lt;/div&gt;

&lt;div id=&quot;page8&quot;&gt;
</Content>
</Section>
<Section>
  <Description>
    <Metadata name="Title">Page 8</Metadata>
  </Description>
  <Content>
&lt;div style=&quot;position: relative; height: 792px; width: 612px;&quot;&gt;&lt;style type=&quot;text/css&quot;&gt;
.txt { white-space:nowrap; }
.p8f0 { font-family:sans-serif; font-weight:normal; font-style:normal; }
.p8f1 { font-family:sans-serif; font-weight:normal; font-style:normal; }
.p8f2 { font-family:sans-serif; font-weight:normal; font-style:normal; }
.p8f3 { font-family:sans-serif; font-weight:normal; font-style:normal; }
.p8f4 { font-family:sans-serif; font-weight:normal; font-style:normal; }
.p8f5 { font-family:monospace; font-weight:normal; font-style:normal; }
.p8f6 { font-family:sans-serif; font-weight:normal; font-style:normal; }
.p8f7 { font-family:sans-serif; font-weight:normal; font-style:normal; }
.p8f8 { font-family:sans-serif; font-weight:normal; font-style:normal; }
.p8f9 { font-family:sans-serif; font-weight:normal; font-style:normal; }
.p8f10 { font-family:sans-serif; font-weight:normal; font-style:normal; }
.p8f11 { font-family:sans-serif; font-weight:normal; font-style:normal; }
.p8f12 { font-family:sans-serif; font-weight:normal; font-style:normal; }
.p8f13 { font-family:sans-serif; font-weight:normal; font-style:normal; }
.p8f14 { font-family:sans-serif; font-weight:normal; font-style:normal; }
.p8f15 { font-family:sans-serif; font-weight:normal; font-style:normal; }
.p8f16 { font-family:sans-serif; font-weight:normal; font-style:normal; }
.p8f17 { font-family:sans-serif; font-weight:normal; font-style:normal; }
.p8f18 { font-family:sans-serif; font-weight:normal; font-style:normal; }
.p8f19 { font-family:sans-serif; font-weight:normal; font-style:normal; }
&lt;/style&gt;
&lt;img class=&quot;background&quot; height=&quot;792&quot; id=&quot;background8&quot; src=&quot;_httpdocimg_/page8.png&quot; style=&quot;position:absolute; left:0px; top:0px;&quot; width=&quot;612&quot;&gt;
&lt;div class=&quot;txt&quot; style=&quot;position:absolute; left:108px; top:379px;&quot;&gt;&lt;span class=&quot;p8f1&quot; style=&quot;font-size:10px;vertical-align:baseline;color:rgba(0,0,0,1);&quot;&gt;8. &lt;/span&gt;&lt;span class=&quot;p8f7&quot; style=&quot;font-size:11px;vertical-align:baseline;color:rgba(0,0,0,1);&quot;&gt;Функцијата за одземање датуми не фунцкионира, но логиката е следната&lt;/span&gt;&lt;/div&gt;
&lt;div class=&quot;txt&quot; style=&quot;position:absolute; left:108px; top:472px;&quot;&gt;&lt;span class=&quot;p8f1&quot; style=&quot;font-size:10px;vertical-align:baseline;color:rgba(0,0,0,1);&quot;&gt;9. &lt;/span&gt;&lt;span class=&quot;p8f7&quot; style=&quot;font-size:11px;vertical-align:baseline;color:rgba(0,0,0,1);&quot;&gt;Омилен артист по корисник&lt;/span&gt;&lt;/div&gt;
&lt;/div&gt;
&lt;/div&gt;

&lt;div id=&quot;page9&quot;&gt;
</Content>
</Section>
<Section>
  <Description>
    <Metadata name="Title">Page 9</Metadata>
  </Description>
  <Content>
&lt;div style=&quot;position: relative; height: 792px; width: 612px;&quot;&gt;&lt;style type=&quot;text/css&quot;&gt;
.txt { white-space:nowrap; }
.p9f0 { font-family:sans-serif; font-weight:normal; font-style:normal; }
.p9f1 { font-family:sans-serif; font-weight:normal; font-style:normal; }
.p9f2 { font-family:sans-serif; font-weight:normal; font-style:normal; }
.p9f3 { font-family:sans-serif; font-weight:normal; font-style:normal; }
.p9f4 { font-family:sans-serif; font-weight:normal; font-style:normal; }
.p9f5 { font-family:monospace; font-weight:normal; font-style:normal; }
.p9f6 { font-family:sans-serif; font-weight:normal; font-style:normal; }
.p9f7 { font-family:sans-serif; font-weight:normal; font-style:normal; }
.p9f8 { font-family:sans-serif; font-weight:normal; font-style:normal; }
.p9f9 { font-family:sans-serif; font-weight:normal; font-style:normal; }
.p9f10 { font-family:sans-serif; font-weight:normal; font-style:normal; }
.p9f11 { font-family:sans-serif; font-weight:normal; font-style:normal; }
.p9f12 { font-family:sans-serif; font-weight:normal; font-style:normal; }
.p9f13 { font-family:sans-serif; font-weight:normal; font-style:normal; }
&lt;/style&gt;
&lt;img class=&quot;background&quot; height=&quot;792&quot; id=&quot;background9&quot; src=&quot;_httpdocimg_/page9.png&quot; style=&quot;position:absolute; left:0px; top:0px;&quot; width=&quot;612&quot;&gt;
&lt;div class=&quot;txt&quot; style=&quot;position:absolute; left:108px; top:370px;&quot;&gt;&lt;span class=&quot;p9f1&quot; style=&quot;font-size:10px;vertical-align:baseline;color:rgba(0,0,0,1);&quot;&gt;10. &lt;/span&gt;&lt;span class=&quot;p9f7&quot; style=&quot;font-size:11px;vertical-align:baseline;color:rgba(0,0,0,1);&quot;&gt;Најомилен артист меѓу сите корисници&lt;/span&gt;&lt;/div&gt;
&lt;/div&gt;
&lt;/div&gt;

</Content>
</Section>
</Section>
</Archive>
