<?xml version="1.0" encoding="utf-8" standalone="no"?>
<!DOCTYPE Archive SYSTEM "http://greenstone.org/dtd/Archive/1.0/Archive.dtd">
<Archive>
<Section>
  <Description>
    <Metadata name="gsdldoctype">indexed_doc</Metadata>
    <Metadata name="Language">en</Metadata>
    <Metadata name="Encoding">iso_8859_1</Metadata>
    <Metadata name="Title">domasnazadaca</Metadata>
    <Metadata name="URL">http://C:/Program Files/Greenstone3/web/sites/localsite/collect/homework/tmp/1682508424_1/domasnazadaca.html</Metadata>
    <Metadata name="UTF8URL">http://C:/Program Files/Greenstone3/web/sites/localsite/collect/homework/tmp/1682508424_1/domasnazadaca.html</Metadata>
    <Metadata name="gsdlsourcefilename">import\WORDs\domasnazadaca.docx</Metadata>
    <Metadata name="gsdlsourcefilerenamemethod">url</Metadata>
    <Metadata name="gsdlconvertedfilename">tmp\1682508424_1\domasnazadaca.html</Metadata>
    <Metadata name="OrigSource">domasnazadaca.html</Metadata>
    <Metadata name="Source">domasnazadaca.docx</Metadata>
    <Metadata name="SourceFile">domasnazadaca.docx</Metadata>
    <Metadata name="Plugin">WordPlugin</Metadata>
    <Metadata name="FileSize">12036</Metadata>
    <Metadata name="FilenameRoot">domasnazadaca</Metadata>
    <Metadata name="FileFormat">Word</Metadata>
    <Metadata name="srcicon">_icondocx_</Metadata>
    <Metadata name="srclink_file">doc.docx</Metadata>
    <Metadata name="srclinkFile">doc.docx</Metadata>
    <Metadata name="dc.Creator">Тијана Ат</Metadata>
    <Metadata name="dc.Date">20/05/2020</Metadata>
    <Metadata name="dc.Language">Macedonian</Metadata>
    <Metadata name="dc.Title">Домашна задача2</Metadata>
    <Metadata name="Identifier">HASH47f0fce80f49a81fb743bc</Metadata>
    <Metadata name="lastmodified">1682506826</Metadata>
    <Metadata name="lastmodifieddate">20230426</Metadata>
    <Metadata name="oailastmodified">1682508428</Metadata>
    <Metadata name="oailastmodifieddate">20230426</Metadata>
    <Metadata name="assocfilepath">HASH47f0.dir</Metadata>
    <Metadata name="gsdlassocfile">doc.docx:unknown:</Metadata>
  </Description>
  <Content>

&lt;div class=WordSection1&gt;

&lt;p class=MsoNormal&gt;&lt;span lang=MK&gt;Äîìàøíà çàäà÷à&lt;/span&gt;&lt;/p&gt;

&lt;/div&gt;




</Content>
</Section>
</Archive>
