<?xml version="1.0" encoding="utf-8" standalone="no"?>
<!DOCTYPE Archive SYSTEM "http://greenstone.org/dtd/Archive/1.0/Archive.dtd">
<Archive>
<Section>
  <Description>
    <Metadata name="gsdldoctype">indexed_doc</Metadata>
    <Metadata name="Language">en</Metadata>
    <Metadata name="Encoding">windows_1252</Metadata>
    <Metadata name="Title">RDF Ã¨ RDFS (RDF Schema)</Metadata>
    <Metadata name="URL">http://C:/Program Files/Greenstone3/web/sites/localsite/collect/homework/tmp/1682508418/%255b196014%255dwbs_d4_consuminglinkeddata.html</Metadata>
    <Metadata name="UTF8URL">http://C:/Program Files/Greenstone3/web/sites/localsite/collect/homework/tmp/1682508418/%5b196014%5dwbs_d4_consuminglinkeddata.html</Metadata>
    <Metadata name="gsdlsourcefilename">import\WORDs\%5B196014%5DWBS_D4_ConsumingLinkedData.doc</Metadata>
    <Metadata name="gsdlsourcefilerenamemethod">url</Metadata>
    <Metadata name="gsdlconvertedfilename">tmp\1682508418\%5B196014%5DWBS_D4_ConsumingLinkedData.html</Metadata>
    <Metadata name="OrigSource">%5b196014%5dwbs_d4_consuminglinkeddata.html</Metadata>
    <Metadata name="Source">[196014]WBS_D4_ConsumingLinkedData.doc</Metadata>
    <Metadata name="SourceFile">%255B196014%255DWBS_D4_ConsumingLinkedData.doc</Metadata>
    <Metadata name="Plugin">WordPlugin</Metadata>
    <Metadata name="FileSize">860672</Metadata>
    <Metadata name="FilenameRoot">[196014]WBS_D4_ConsumingLinkedData</Metadata>
    <Metadata name="FileFormat">Word</Metadata>
    <Metadata name="srcicon">_icondoc_</Metadata>
    <Metadata name="srclink_file">doc.doc</Metadata>
    <Metadata name="srclinkFile">doc.doc</Metadata>
    <Metadata name="dc.Creator">Тијана Ат</Metadata>
    <Metadata name="dc.Date">20/02/2023</Metadata>
    <Metadata name="dc.Language">Macedonian</Metadata>
    <Metadata name="dc.Title">Consuming Linked Data</Metadata>
    <Metadata name="Identifier">HASH7df4447c390d4dee56f171</Metadata>
    <Metadata name="lastmodified">1682504828</Metadata>
    <Metadata name="lastmodifieddate">20230426</Metadata>
    <Metadata name="oailastmodified">1682508421</Metadata>
    <Metadata name="oailastmodifieddate">20230426</Metadata>
    <Metadata name="assocfilepath">HASH7df4.dir</Metadata>
    <Metadata name="gsdlassocfile">image002.gif:image/gif:</Metadata>
    <Metadata name="gsdlassocfile">image004.gif:image/gif:</Metadata>
    <Metadata name="gsdlassocfile">image006.gif:image/gif:</Metadata>
    <Metadata name="gsdlassocfile">image008.gif:image/gif:</Metadata>
    <Metadata name="gsdlassocfile">image010.gif:image/gif:</Metadata>
    <Metadata name="gsdlassocfile">doc.doc:application/msword:</Metadata>
  </Description>
  <Content>

&lt;div class=WordSection1&gt;

&lt;p class=MsoNormal align=center style='text-align:center'&gt;&lt;b style='mso-bidi-font-weight:
normal'&gt;&lt;span lang=MK style='font-size:14.0pt;mso-ansi-language:MK'&gt;Äîìàøíî áð.&lt;/span&gt;&lt;/b&gt;&lt;b
style='mso-bidi-font-weight:normal'&gt;&lt;span lang=MK style='font-size:14.0pt;
mso-ansi-language:EN-US'&gt; &lt;/span&gt;&lt;/b&gt;&lt;b style='mso-bidi-font-weight:normal'&gt;&lt;span
style='font-size:14.0pt;mso-ansi-language:EN-US'&gt;4&lt;o:p&gt;&lt;/o:p&gt;&lt;/span&gt;&lt;/b&gt;&lt;/p&gt;

&lt;p class=MsoNormal align=center style='text-align:center'&gt;&lt;b style='mso-bidi-font-weight:
normal'&gt;&lt;span style='font-size:16.0pt;mso-ansi-language:EN-US'&gt;Consuming Linked
Data&lt;o:p&gt;&lt;/o:p&gt;&lt;/span&gt;&lt;/b&gt;&lt;/p&gt;







</Content>
<Section>
  <Description>
    <Metadata name="Title">À) Âîâåä</Metadata>
  </Description>
  <Content>


&lt;p class=MsoNormal style='margin-top:6.0pt;text-align:justify'&gt;&lt;span lang=MK
style='mso-ansi-language:MK;mso-bidi-font-weight:bold'&gt;Ïîêðà¼ òîà øòî DBpedia&lt;b&gt;
&lt;/b&gt;(&lt;a href=&quot;_httpextlink_&amp;amp;rl=0&amp;amp;href=http:%2f%2fwww.dbpedia.org&quot;&gt;http://www.dbpedia.org&lt;/a&gt;) ñâîèòå
ïîäàòîöè ãè ïðàâè äîñòàïíè ïðåêó &lt;/span&gt;&lt;span lang=MK style='mso-ansi-language:
MK'&gt;íèâíèîò &lt;/span&gt;&lt;span style='mso-ansi-language:EN-US'&gt;SPARQL Endpoint&lt;/span&gt;&lt;span
lang=MK style='mso-ansi-language:MK'&gt; (&lt;/span&gt;&lt;span lang=EN-GB&gt;&lt;a
href=&quot;_httpextlink_&amp;amp;rl=0&amp;amp;href=http:%2f%2fdbpedia.org%2fsparql&quot;&gt;http://dbpedia.org/sparql&lt;/a&gt;&lt;/span&gt;&lt;span
lang=MK style='mso-ansi-language:MK'&gt;), òèå ñå äîñòàïíè è ïðåêó &lt;/span&gt;&lt;span
style='mso-ansi-language:EN-US'&gt;&lt;a
href=&quot;_httpextlink_&amp;amp;rl=0&amp;amp;href=http:%2f%2fen.wikipedia.org%2fwiki%2fContent%5fnegotiation&quot;&gt;HTTP content
negotiation&lt;/a&gt;. &lt;/span&gt;&lt;span lang=MK style='mso-ansi-language:MK'&gt;&lt;o:p&gt;&lt;/o:p&gt;&lt;/span&gt;&lt;/p&gt;

&lt;p class=MsoNormal style='margin-top:6.0pt;text-align:justify'&gt;&lt;span lang=MK
style='mso-ansi-language:MK'&gt;Òîà ïðåòñòàâóâà ôóíêöèîíàëíîñò êî¼à âðç áàçà íà
äåòàëèòå âî êîðèñíè÷êîòî áàðàœå èñïðàòåíî äî &lt;/span&gt;&lt;span style='mso-ansi-language:
EN-US'&gt;URI&lt;/span&gt;&lt;span lang=MK style='mso-ansi-language:MK'&gt;-òî íà &lt;/span&gt;&lt;span
style='mso-ansi-language:EN-US'&gt;DBpedia &lt;/span&gt;&lt;span lang=MK style='mso-ansi-language:
MK'&gt;ðåñóðñîò (ïð.: &lt;/span&gt;&lt;span style='mso-ansi-language:EN-US'&gt;&lt;a
href=&quot;_httpextlink_&amp;amp;rl=0&amp;amp;href=http:%2f%2fdbpedia.org%2fresource%2fSkopje&quot;&gt;http://dbpedia.org/resource/Skopje&lt;/a&gt;)&lt;/span&gt;&lt;span
lang=MK style='mso-ansi-language:MK'&gt;, êîðèñíèêîò ñå ïðåíàñî÷óâà êîí äðóãî &lt;/span&gt;&lt;span
style='mso-ansi-language:EN-US'&gt;URL&lt;/span&gt;&lt;span lang=MK style='mso-ansi-language:
MK'&gt; êîå ãè ñîäðæè äåòàëèòå&lt;/span&gt;&lt;span lang=MK style='mso-ansi-language:EN-US'&gt;
&lt;/span&gt;&lt;span lang=MK style='mso-ansi-language:MK'&gt;çà ðåñóðñîò âî áàðàíèîò
ôîðìàò &lt;/span&gt;&lt;span style='mso-ansi-language:EN-US'&gt;(HTML, RDF/XML, Turtle,
JSON-LD, …)&lt;/span&gt;&lt;span lang=MK style='mso-ansi-language:MK'&gt;. &lt;o:p&gt;&lt;/o:p&gt;&lt;/span&gt;&lt;/p&gt;

&lt;p class=MsoNormal style='margin-top:6.0pt;text-align:justify'&gt;&lt;span lang=MK
style='mso-ansi-language:MK'&gt;Òîêìó êàêî ðåçóëòàò íà âàêâèîò &lt;/span&gt;&lt;span
style='mso-ansi-language:EN-US'&gt;content negotiation&lt;/span&gt;&lt;span lang=MK
style='mso-ansi-language:MK'&gt; DBpedia çíàå äà ãî ïðåíàñî÷è âàøåòî áàðàœå îä &lt;/span&gt;&lt;span
style='mso-ansi-language:EN-US'&gt;&lt;a href=&quot;_httpextlink_&amp;amp;rl=0&amp;amp;href=http:%2f%2fdbpedia.org%2fresource%2fSkopje&quot;&gt;http://dbpedia.org/&lt;b
style='mso-bidi-font-weight:normal'&gt;resource&lt;/b&gt;/Skopje&lt;/a&gt;&lt;/span&gt;&lt;span
lang=MK style='mso-ansi-language:MK'&gt; êîí &lt;/span&gt;&lt;span style='mso-ansi-language:
EN-US'&gt;&lt;a href=&quot;_httpextlink_&amp;amp;rl=0&amp;amp;href=http:%2f%2fdbpedia.org%2fpage%2fSkopje&quot;&gt;http://dbpedia.org/&lt;b
style='mso-bidi-font-weight:normal'&gt;page&lt;/b&gt;/Skopje&lt;/a&gt;&lt;/span&gt;&lt;span lang=MK
style='mso-ansi-language:MK'&gt;, êàäå âè ñå ïðèêàæóâààò äåòàëèòå çà ðåñóðñîò âî &lt;/span&gt;&lt;span
style='mso-ansi-language:EN-US'&gt;HTML &lt;/span&gt;&lt;span lang=MK style='mso-ansi-language:
MK'&gt;ôîðìàò. Ïðè÷èíà çà îâà å òèïîò íà áàðàœå êî¼ ãî èñïðà□à âàøèîò ïðåëèñòóâà÷,
áàðà¼□è &lt;/span&gt;&lt;span style='mso-ansi-language:EN-US'&gt;HTML &lt;/span&gt;&lt;span lang=MK
style='mso-ansi-language:MK'&gt;ñîäðæèíà.&lt;o:p&gt;&lt;/o:p&gt;&lt;/span&gt;&lt;/p&gt;

&lt;p class=MsoNormal style='margin-top:6.0pt;text-align:justify'&gt;&lt;span lang=MK
style='mso-ansi-language:MK'&gt;Äîêîëêó áè ãî ïîáàðàëå èñòèîò ðåñóðñ çà &lt;/span&gt;&lt;span
style='mso-ansi-language:EN-US'&gt;Skopje&lt;/span&gt;&lt;span lang=MK style='mso-ansi-language:
MK'&gt; ñî áàðàœå íà ñîäðæèíàòà âî íåêî¼ äðóã ôîðìàò, ïàòåêèòå êîí êîè □å âå óïàòè
&lt;/span&gt;&lt;span style='mso-ansi-language:EN-US'&gt;DBpedia &lt;/span&gt;&lt;span lang=MK
style='mso-ansi-language:MK'&gt;ñå ñëåäíèâå:&lt;o:p&gt;&lt;/o:p&gt;&lt;/span&gt;&lt;/p&gt;

&lt;ul style='margin-top:0in' type=disc&gt;
 &lt;li class=MsoNormal style='margin-top:6.0pt;text-align:justify;mso-list:l13 level1 lfo13'&gt;&lt;span
     style='mso-ansi-language:EN-US'&gt;RDF/XML: &lt;a
     href=&quot;_httpextlink_&amp;amp;rl=0&amp;amp;href=http:%2f%2fdbpedia.org%2fdata%2fSkopje.xml&quot;&gt;http://dbpedia.org/&lt;b
     style='mso-bidi-font-weight:normal'&gt;data&lt;/b&gt;/Skopje&lt;b style='mso-bidi-font-weight:
     normal'&gt;.xml&lt;/b&gt;&lt;/a&gt;&lt;/span&gt;&lt;span lang=MK style='mso-ansi-language:MK'&gt;&lt;o:p&gt;&lt;/o:p&gt;&lt;/span&gt;&lt;/li&gt;
 &lt;li class=MsoNormal style='text-align:justify;mso-list:l13 level1 lfo13'&gt;&lt;span
     style='mso-ansi-language:EN-US'&gt;Turtle: &lt;a
     href=&quot;_httpextlink_&amp;amp;rl=0&amp;amp;href=http:%2f%2fdbpedia.org%2fdata%2fSkopje.ttl&quot;&gt;http://dbpedia.org/&lt;b
     style='mso-bidi-font-weight:normal'&gt;data&lt;/b&gt;/Skopje&lt;b style='mso-bidi-font-weight:
     normal'&gt;.ttl&lt;/b&gt;&lt;/a&gt;&lt;/span&gt;&lt;span lang=MK style='mso-ansi-language:MK'&gt;&lt;o:p&gt;&lt;/o:p&gt;&lt;/span&gt;&lt;/li&gt;
 &lt;li class=MsoNormal style='text-align:justify;mso-list:l13 level1 lfo13'&gt;&lt;span
     style='mso-ansi-language:EN-US'&gt;N3: &lt;a
     href=&quot;_httpextlink_&amp;amp;rl=0&amp;amp;href=http:%2f%2fdbpedia.org%2fdata%2fSkopje.n3&quot;&gt;http://dbpedia.org/&lt;b
     style='mso-bidi-font-weight:normal'&gt;data&lt;/b&gt;/Skopje&lt;b style='mso-bidi-font-weight:
     normal'&gt;.n3&lt;/b&gt;&lt;/a&gt;&lt;/span&gt;&lt;span lang=MK style='mso-ansi-language:MK'&gt;&lt;o:p&gt;&lt;/o:p&gt;&lt;/span&gt;&lt;/li&gt;
 &lt;li class=MsoNormal style='text-align:justify;mso-list:l13 level1 lfo13'&gt;&lt;span
     style='mso-ansi-language:EN-US'&gt;JSON-LD: &lt;a
     href=&quot;_httpextlink_&amp;amp;rl=0&amp;amp;href=http:%2f%2fdbpedia.org%2fdata%2fSkopje.json&quot;&gt;http://dbpedia.org/&lt;b
     style='mso-bidi-font-weight:normal'&gt;data&lt;/b&gt;/Skopje&lt;b style='mso-bidi-font-weight:
     normal'&gt;.json&lt;/b&gt;&lt;/a&gt;&lt;/span&gt;&lt;span lang=MK style='mso-ansi-language:MK'&gt;&lt;o:p&gt;&lt;/o:p&gt;&lt;/span&gt;&lt;/li&gt;
&lt;/ul&gt;

&lt;p class=MsoNormal style='margin-top:6.0pt;text-align:justify'&gt;&lt;span lang=MK
style='mso-ansi-language:MK'&gt;Äóðè è áåç êîðèñòåœå íà &lt;/span&gt;&lt;span
style='mso-ansi-language:EN-US'&gt;content negotiation&lt;/span&gt;&lt;span lang=MK
style='mso-ansi-language:MK'&gt;, ìîæåìå äà ãè äîáèåìå îâèå &lt;/span&gt;&lt;span
style='mso-ansi-language:EN-US'&gt;URL&lt;/span&gt;&lt;span lang=MK style='mso-ansi-language:
MK'&gt;-à çà ñåêî¼ &lt;/span&gt;&lt;span style='mso-ansi-language:EN-US'&gt;DBpedia &lt;/span&gt;&lt;span
lang=MK style='mso-ansi-language:MK'&gt;ðåñóðñ êî¼ íѝ å îä èíòåðåñ.&lt;/span&gt;&lt;span
style='mso-ansi-language:EN-US'&gt;&lt;o:p&gt;&lt;/o:p&gt;&lt;/span&gt;&lt;/p&gt;

</Content>
</Section>
<Section>
  <Description>
    <Metadata name="Title">Á) Ïðàêòè÷íà çàäà÷à</Metadata>
  </Description>
  <Content>


&lt;p class=MsoNormal style='margin-top:6.0pt;text-align:justify'&gt;&lt;span lang=MK
style='mso-ansi-language:MK'&gt;Êàêî ïðàêòè÷íà çàäà÷à, □å òðåáà äà êðåèðàòå &lt;/span&gt;&lt;span
style='mso-ansi-language:EN-US'&gt;Java &lt;/span&gt;&lt;span lang=MK style='mso-ansi-language:
MK'&gt;+ &lt;/span&gt;&lt;span style='mso-ansi-language:EN-US'&gt;Jena &lt;/span&gt;&lt;span lang=MK
style='mso-ansi-language:MK'&gt;ïðîåêò êî¼ □å ãè â÷èòà &lt;/span&gt;&lt;span
style='mso-ansi-language:EN-US'&gt;RDF &lt;/span&gt;&lt;span lang=MK style='mso-ansi-language:
MK'&gt;òðî¼êèòå çà äàäåí &lt;/span&gt;&lt;span style='mso-ansi-language:EN-US'&gt;DBpedia &lt;/span&gt;&lt;span
lang=MK style='mso-ansi-language:MK'&gt;ðåñóðñ (ïðåêó &lt;/span&gt;&lt;span
style='mso-ansi-language:EN-US'&gt;RDF &lt;/span&gt;&lt;span lang=MK style='mso-ansi-language:
MK'&gt;ôà¼ëîò íà ðåñóðñîò, âî &lt;/span&gt;&lt;span style='mso-ansi-language:EN-US'&gt;RDF/XML&lt;/span&gt;&lt;span
lang=MK style='mso-ansi-language:MK'&gt; èëè &lt;/span&gt;&lt;span style='mso-ansi-language:
EN-US'&gt;Turtle&lt;/span&gt;&lt;span lang=MK style='mso-ansi-language:MK'&gt;, íà ïðèìåð),
ïîòîà îä íèâ □å ïðî÷èòà îäðåäåíè ðåëàöèè (ïî âàø èçáîð) êîè âîäàò äî äðóãè &lt;/span&gt;&lt;span
style='mso-ansi-language:EN-US'&gt;DBpedia &lt;/span&gt;&lt;span lang=MK style='mso-ansi-language:
MK'&gt;ðåñóðñè è □å ãè â÷èòà è íèâíèòå &lt;/span&gt;&lt;span style='mso-ansi-language:EN-US'&gt;RDF
&lt;/span&gt;&lt;span lang=MK style='mso-ansi-language:MK'&gt;òðî¼êè. Ïðåêó îâî¼ âòîð &lt;/span&gt;&lt;span
style='mso-ansi-language:EN-US'&gt;DBpedia &lt;/span&gt;&lt;span lang=MK style='mso-ansi-language:
MK'&gt;ðåñóðñ, ïîòîà □å ñå ëîöèðààò íîâè &lt;/span&gt;&lt;span style='mso-ansi-language:
EN-US'&gt;DBpedia &lt;/span&gt;&lt;span lang=MK style='mso-ansi-language:MK'&gt;ðåñóðñè, □å ñå
â÷èòààò íèâíèòå &lt;/span&gt;&lt;span style='mso-ansi-language:EN-US'&gt;RDF &lt;/span&gt;&lt;span
lang=MK style='mso-ansi-language:MK'&gt;òðî¼êè è □å ñå èñïèøàò íåêîè ïîäàòîöè íà
åêðàí.&lt;o:p&gt;&lt;/o:p&gt;&lt;/span&gt;&lt;/p&gt;

&lt;p class=MsoNormal style='margin-top:6.0pt;text-align:justify'&gt;&lt;span lang=MK
style='mso-ansi-language:MK'&gt;Ñî îâà óñïåâàìå äà êîíçóìèðàìå ïîâðçàíè&lt;/span&gt;&lt;span
lang=MK style='mso-ansi-language:EN-US'&gt; &lt;/span&gt;&lt;span lang=MK style='mso-ansi-language:
MK'&gt;ïîäàòîöè &lt;/span&gt;&lt;span style='mso-ansi-language:EN-US'&gt;(Linked Data) &lt;/span&gt;&lt;span
lang=MK style='mso-ansi-language:MK'&gt;ïðåêó 3 ÷åêîðè.&lt;o:p&gt;&lt;/o:p&gt;&lt;/span&gt;&lt;/p&gt;

&lt;p class=MsoNormal style='margin-top:6.0pt;text-align:justify'&gt;&lt;u&gt;&lt;span
lang=MK style='mso-ansi-language:MK'&gt;Ïðèìåð&lt;/span&gt;&lt;/u&gt;&lt;span lang=MK
style='mso-ansi-language:MK'&gt;: Äîêîëêó çàïî÷íåòå îä ðåñóðñîò çà &lt;i
style='mso-bidi-font-style:normal'&gt;ãðàäîò &lt;/i&gt;&lt;/span&gt;&lt;i style='mso-bidi-font-style:
normal'&gt;&lt;span style='mso-ansi-language:EN-US'&gt;Skopje&lt;/span&gt;&lt;/i&gt;&lt;span
style='mso-ansi-language:EN-US'&gt;,&lt;/span&gt;&lt;span lang=MK style='mso-ansi-language:
MK'&gt; ìîæåòå äà äåòåêòèðàòå íåêî¼ ðåñóðñ êî¼ ïðåòñòàâóâà ëè÷íîñò êî¼à å &lt;i
style='mso-bidi-font-style:normal'&gt;ðîäåíà âî&lt;/i&gt; ãðàäîò. Îòêàêî □å ãè â÷èòàòå
ïîäàòîöèòå çà òàà ëè÷íîñò, ìîæåòå äà íà¼äåòå ëèíêîâè êîí ðåñóðñè êàêî øòî ñå
íèâíè &lt;i style='mso-bidi-font-style:normal'&gt;äåëà&lt;/i&gt;, íà ïðèìåð (ïåñíà, àëáóì,
ôèëì, èòí.). Îòêàêî □å ãè â÷èòàòå&lt;/span&gt;&lt;span style='mso-ansi-language:EN-US'&gt;
RDF &lt;/span&gt;&lt;span lang=MK style='mso-ansi-language:MK'&gt;òðî¼êèòå çà òîà äåëî, □å
ìîæåòå äåë îä íèâ äà îòïå÷àòèòå íà êîíçîëà: &lt;i style='mso-bidi-font-style:normal'&gt;äàòóì
íà èçäàâàœå&lt;/i&gt;, &lt;i style='mso-bidi-font-style:normal'&gt;íàñëîâ&lt;/i&gt;, &lt;i
style='mso-bidi-font-style:normal'&gt;æàíð&lt;/i&gt;, &lt;i style='mso-bidi-font-style:
normal'&gt;ñëèêà&lt;/i&gt;, èòí.&lt;o:p&gt;&lt;/o:p&gt;&lt;/span&gt;&lt;/p&gt;

&lt;p class=MsoNormal style='margin-top:.25in'&gt;&lt;b style='mso-bidi-font-weight:
normal'&gt;&lt;span lang=MK style='font-size:14.0pt;mso-ansi-language:MK'&gt;I&lt;/span&gt;&lt;/b&gt;&lt;b
style='mso-bidi-font-weight:normal'&gt;&lt;span lang=RU style='font-size:14.0pt;
mso-ansi-language:RU'&gt;. &lt;/span&gt;&lt;/b&gt;&lt;b style='mso-bidi-font-weight:normal'&gt;&lt;span
lang=RU style='font-size:14.0pt;mso-ansi-language:MK'&gt;&lt;span
style='mso-spacerun:yes'&gt; &lt;/span&gt;&lt;/span&gt;&lt;/b&gt;&lt;b style='mso-bidi-font-weight:
normal'&gt;&lt;span lang=MK style='font-size:14.0pt;mso-ansi-language:MK'&gt;Ðàáîòà ñî &lt;/span&gt;&lt;/b&gt;&lt;b
style='mso-bidi-font-weight:normal'&gt;&lt;span style='font-size:14.0pt;mso-ansi-language:
EN-US'&gt;DBpedia &lt;/span&gt;&lt;/b&gt;&lt;b style='mso-bidi-font-weight:normal'&gt;&lt;span lang=MK
style='font-size:14.0pt;mso-ansi-language:MK'&gt;ïîäàòîöè áåç êîðèñòåœå íà &lt;/span&gt;&lt;/b&gt;&lt;b
style='mso-bidi-font-weight:normal'&gt;&lt;span style='font-size:14.0pt;mso-ansi-language:
EN-US'&gt;SPARQL Endpoint&lt;o:p&gt;&lt;/o:p&gt;&lt;/span&gt;&lt;/b&gt;&lt;/p&gt;



&lt;p class=MsoNormal style='margin-left:.25in;text-align:justify;text-indent:
-.25in;mso-list:l6 level1 lfo1;tab-stops:list .25in'&gt;&lt;![if !supportLists]&gt;&lt;span
lang=MK style='mso-ansi-language:MK'&gt;&lt;span style='mso-list:Ignore'&gt;1.&lt;span
style='font:7.0pt &quot;Times New Roman&quot;'&gt;&amp;nbsp; &lt;/span&gt;&lt;/span&gt;&lt;/span&gt;&lt;![endif]&gt;&lt;span
lang=MK style='mso-ansi-language:MK'&gt;Îäáåðåòå ïî÷åòåí &lt;/span&gt;&lt;span
style='mso-ansi-language:EN-US'&gt;DBpedia &lt;/span&gt;&lt;span lang=MK style='mso-ansi-language:
MK'&gt;ðåñóðñ ïî âàø èçáîð. Òîà ìîæå äà áèäå íåêî¼ ãðàä, äðæàâà, ïîçíàòà ëè÷íîñò,
ôèëì, àëáóì, ìóçè÷êà ãðóïà, íàñòàí, èòí.&lt;o:p&gt;&lt;/o:p&gt;&lt;/span&gt;&lt;/p&gt;



&lt;p class=MsoNormal style='margin-left:.25in;text-align:justify;text-indent:
-.25in;mso-list:l6 level1 lfo1;tab-stops:list .25in'&gt;&lt;![if !supportLists]&gt;&lt;span
lang=MK style='mso-ansi-language:MK'&gt;&lt;span style='mso-list:Ignore'&gt;2.&lt;span
style='font:7.0pt &quot;Times New Roman&quot;'&gt;&amp;nbsp; &lt;/span&gt;&lt;/span&gt;&lt;/span&gt;&lt;![endif]&gt;&lt;span
lang=MK style='mso-ansi-language:MK'&gt;Êðåèðà¼òå íîâ &lt;/span&gt;&lt;span
style='mso-ansi-language:EN-US'&gt;Java &lt;/span&gt;&lt;span lang=MK style='mso-ansi-language:
MK'&gt;ïðîåêò âî &lt;/span&gt;&lt;span style='mso-ansi-language:EN-US'&gt;NetBeans. &lt;/span&gt;&lt;span
lang=MK style='mso-ansi-language:MK'&gt;Âêëó÷åòå ãè âî ïðîåêòîò ñèòå .&lt;/span&gt;&lt;span
style='mso-ansi-language:EN-US'&gt;jar &lt;/span&gt;&lt;span lang=MK style='mso-ansi-language:
MK'&gt;áèáëèîòåêè îä &lt;/span&gt;&lt;span style='mso-ansi-language:EN-US'&gt;lib &lt;/span&gt;&lt;span
lang=MK style='mso-ansi-language:MK'&gt;ôîëäåðîò îä &lt;/span&gt;&lt;span style='mso-ansi-language:
EN-US'&gt;Jena. Jena &lt;/span&gt;&lt;span lang=MK style='mso-ansi-language:MK'&gt;ïðåçåìåòå
¼à äèðåêòíî îä &lt;/span&gt;&lt;span style='mso-ansi-language:EN-US'&gt;&lt;a
href=&quot;_httpextlink_&amp;amp;rl=0&amp;amp;href=http:%2f%2fjena.apache.org&quot;&gt;Jena &lt;span lang=MK style='mso-ansi-language:
MK'&gt;ñà¼òîò&lt;/span&gt;&lt;/a&gt;&lt;/span&gt;&lt;span lang=MK style='mso-ansi-language:MK'&gt;.&lt;o:p&gt;&lt;/o:p&gt;&lt;/span&gt;&lt;/p&gt;



&lt;p class=MsoNormal style='margin-left:.25in;text-align:justify;text-indent:
-.25in;mso-list:l6 level1 lfo1;tab-stops:list .25in'&gt;&lt;![if !supportLists]&gt;&lt;span
lang=MK style='mso-ansi-language:MK'&gt;&lt;span style='mso-list:Ignore'&gt;3.&lt;span
style='font:7.0pt &quot;Times New Roman&quot;'&gt;&amp;nbsp; &lt;/span&gt;&lt;/span&gt;&lt;/span&gt;&lt;![endif]&gt;&lt;span
lang=MK style='mso-ansi-language:MK'&gt;Âî &lt;/span&gt;&lt;span style='mso-ansi-language:
EN-US'&gt;main() &lt;/span&gt;&lt;span lang=MK style='mso-ansi-language:MK'&gt;ìåòîäîò íà
ãëàâíàòà êëàñà îä ïðîåêòîò, êðåèðà¼òå îñíîâåí &lt;/span&gt;&lt;span style='mso-ansi-language:
EN-US'&gt;Jena model&lt;/span&gt;&lt;span lang=MK style='mso-ansi-language:MK'&gt;, êî¼ □å ãî
ñîäðæè &lt;/span&gt;&lt;span style='mso-ansi-language:EN-US'&gt;RDF &lt;/span&gt;&lt;span lang=MK
style='mso-ansi-language:MK'&gt;ãðàôîò çà &lt;/span&gt;&lt;span style='mso-ansi-language:
EN-US'&gt;DBpedia &lt;/span&gt;&lt;span lang=MK style='mso-ansi-language:MK'&gt;ðåñóðñîò êî¼
□å ãî â÷èòàòå.&lt;o:p&gt;&lt;/o:p&gt;&lt;/span&gt;&lt;/p&gt;



&lt;p class=MsoNormal style='margin-left:.25in;text-align:justify;text-indent:
-.25in;mso-list:l6 level1 lfo1;tab-stops:list .25in'&gt;&lt;![if !supportLists]&gt;&lt;span
lang=MK style='mso-ansi-language:MK'&gt;&lt;span style='mso-list:Ignore'&gt;4.&lt;span
style='font:7.0pt &quot;Times New Roman&quot;'&gt;&amp;nbsp; &lt;/span&gt;&lt;/span&gt;&lt;/span&gt;&lt;![endif]&gt;&lt;span
lang=MK style='mso-ansi-language:MK'&gt;Ñî êîðèñòåœå íà &lt;/span&gt;&lt;span
style='mso-ansi-language:EN-US'&gt;read()&lt;/span&gt;&lt;span lang=MK style='mso-ansi-language:
MK'&gt; ìåòîäàòà íà ìîäåëîò, â÷èòà¼òå ãè &lt;/span&gt;&lt;span style='mso-ansi-language:
EN-US'&gt;RDF &lt;/span&gt;&lt;span lang=MK style='mso-ansi-language:MK'&gt;òðî¼êèòå çà &lt;/span&gt;&lt;span
style='mso-ansi-language:EN-US'&gt;DBpedia &lt;/span&gt;&lt;span lang=MK style='mso-ansi-language:
MK'&gt;ðåñóðñîò êî¼ ñòå ãî îäáðàëå. Âíèìàâà¼òå äà ãî íàâåäåòå ôîðìàòîò íà
äàòîòåêàòà êî¼à ¼à â÷èòóâàòå.&lt;o:p&gt;&lt;/o:p&gt;&lt;/span&gt;&lt;/p&gt;

&lt;p class=MsoNormal style='margin-top:3.0pt;margin-right:0in;margin-bottom:0in;
margin-left:.25in;margin-bottom:.0001pt;text-align:justify'&gt;&lt;u&gt;&lt;span lang=MK
style='mso-ansi-language:MK'&gt;Íàïîìåíà&lt;/span&gt;&lt;/u&gt;&lt;span lang=MK style='mso-ansi-language:
MK'&gt;: Çà â÷èòóâàœå èñêîðèñòåòå íåêî¼ îä &lt;/span&gt;&lt;span style='mso-ansi-language:
EN-US'&gt;RDF &lt;/span&gt;&lt;span lang=MK style='mso-ansi-language:MK'&gt;ôà¼ëîâèòå êîè &lt;/span&gt;&lt;span
style='mso-ansi-language:EN-US'&gt;DBpedia &lt;/span&gt;&lt;span lang=MK style='mso-ansi-language:
MK'&gt;ãè íóäè çà ðåñóðñîò: &lt;/span&gt;&lt;span style='mso-ansi-language:EN-US'&gt;http://dbpedia.org/&lt;b
style='mso-bidi-font-weight:normal'&gt;data&lt;/b&gt;/&lt;/span&gt;&lt;i style='mso-bidi-font-style:
normal'&gt;&lt;span lang=MK style='mso-ansi-language:MK'&gt;ðåñóðñ&lt;/span&gt;&lt;/i&gt;&lt;span
style='mso-ansi-language:EN-US'&gt;.&lt;/span&gt;&lt;i style='mso-bidi-font-style:normal'&gt;&lt;span
lang=MK style='mso-ansi-language:MK'&gt;íàñòàâêà&lt;o:p&gt;&lt;/o:p&gt;&lt;/span&gt;&lt;/i&gt;&lt;/p&gt;

&lt;p class=MsoNormal style='margin-top:3.0pt;margin-right:0in;margin-bottom:0in;
margin-left:.25in;margin-bottom:.0001pt;text-align:justify'&gt;&lt;u&gt;&lt;span lang=MK
style='mso-ansi-language:MK'&gt;Àëòåðíàòèâà&lt;/span&gt;&lt;/u&gt;&lt;span lang=MK
style='mso-ansi-language:MK'&gt;: Êîðèñòå¼□è ãî ïðèìåð êîäîò îä àóäèòîðèñêèòå
âåæáè, íàïðàâåòå &lt;/span&gt;&lt;span style='mso-ansi-language:EN-US'&gt;content
negotiation &lt;/span&gt;&lt;span lang=MK style='mso-ansi-language:MK'&gt;ñî åêñïëèöèòíî
äåôèíèðàœå íà &lt;/span&gt;&lt;span style='mso-ansi-language:EN-US'&gt;Accept &lt;/span&gt;&lt;span
lang=MK style='mso-ansi-language:MK'&gt;õåäåðîò, çà äà &lt;/span&gt;&lt;span
style='mso-ansi-language:EN-US'&gt;DBpedia&lt;/span&gt;&lt;span lang=MK style='mso-ansi-language:
MK'&gt; àâòîìàòñêè âè ãè äàäå ïîäàòîöèòå âî áàðàíèîò ôîðìàò. Ïðèòîà, &lt;/span&gt;&lt;span
style='mso-ansi-language:EN-US'&gt;HTTP &lt;/span&gt;&lt;span lang=MK style='mso-ansi-language:
MK'&gt;áàðàœåòî □å òðåáà äà ãî èñïðàòèòå äî &lt;/span&gt;&lt;span style='mso-ansi-language:
EN-US'&gt;http://dbpedia.org/&lt;b style='mso-bidi-font-weight:normal'&gt;resourse&lt;/b&gt;/&lt;/span&gt;&lt;i
style='mso-bidi-font-style:normal'&gt;&lt;span lang=MK style='mso-ansi-language:MK'&gt;ðåñóðñ&lt;/span&gt;&lt;/i&gt;&lt;span
style='mso-ansi-language:EN-US'&gt;&lt;o:p&gt;&lt;/o:p&gt;&lt;/span&gt;&lt;/p&gt;



&lt;p class=MsoNormal style='margin-left:.25in;text-align:justify;text-indent:
-.25in;mso-list:l6 level1 lfo1;tab-stops:list .25in'&gt;&lt;![if !supportLists]&gt;&lt;span
lang=MK style='mso-ansi-language:MK'&gt;&lt;span style='mso-list:Ignore'&gt;5.&lt;span
style='font:7.0pt &quot;Times New Roman&quot;'&gt;&amp;nbsp; &lt;/span&gt;&lt;/span&gt;&lt;/span&gt;&lt;![endif]&gt;&lt;span
lang=MK style='mso-ansi-language:MK'&gt;Ðàçãëåäà¼òå ãè äåòàëèòå çà ðåñóðñîò íà &lt;/span&gt;&lt;span
style='mso-ansi-language:EN-US'&gt;DBpedia&lt;/span&gt;&lt;span lang=MK style='mso-ansi-language:
MK'&gt;. Îäáåðåòå íåêî¼à ðåëàöè¼à êî¼à êàêî âðåäíîñò èìà äðóã &lt;/span&gt;&lt;span
style='mso-ansi-language:EN-US'&gt;DBpedia &lt;/span&gt;&lt;span lang=MK style='mso-ansi-language:
MK'&gt;ðåñóðñ, à ïîòîà ñåëåêòèðà¼òå ¼à è îòïå÷àòåòå ¼à òàà âðåäíîñò îä â÷èòàíèîò &lt;/span&gt;&lt;span
style='mso-ansi-language:EN-US'&gt;RDF &lt;/span&gt;&lt;span lang=MK style='mso-ansi-language:
MK'&gt;ãðàô çà ðåñóðñîò ñî êîðèñòåœå íà &lt;/span&gt;&lt;span style='mso-ansi-language:
EN-US'&gt;Jena&lt;/span&gt;&lt;span lang=MK style='mso-ansi-language:MK'&gt;.&lt;o:p&gt;&lt;/o:p&gt;&lt;/span&gt;&lt;/p&gt;



&lt;p class=MsoNormal style='margin-left:.25in;text-align:justify;text-indent:
-.25in;mso-list:l6 level1 lfo1;tab-stops:list .25in'&gt;&lt;![if !supportLists]&gt;&lt;span
lang=MK style='mso-ansi-language:MK'&gt;&lt;span style='mso-list:Ignore'&gt;6.&lt;span
style='font:7.0pt &quot;Times New Roman&quot;'&gt;&amp;nbsp; &lt;/span&gt;&lt;/span&gt;&lt;/span&gt;&lt;![endif]&gt;&lt;span
lang=MK style='mso-ansi-language:MK'&gt;Èçâðøåòå ¼à ïðîãðàìàòà.&lt;o:p&gt;&lt;/o:p&gt;&lt;/span&gt;&lt;/p&gt;



&lt;p class=MsoNormal style='margin-left:.25in;text-align:justify;text-indent:
-.25in;mso-list:l6 level1 lfo1;tab-stops:list .25in'&gt;&lt;![if !supportLists]&gt;&lt;span
lang=MK style='mso-ansi-language:MK'&gt;&lt;span style='mso-list:Ignore'&gt;7.&lt;span
style='font:7.0pt &quot;Times New Roman&quot;'&gt;&amp;nbsp; &lt;/span&gt;&lt;/span&gt;&lt;/span&gt;&lt;![endif]&gt;&lt;span
lang=MK style='mso-ansi-language:MK'&gt;Çàìåíåòå ãî ïå÷àòåœåòî îä ïðåòõîäíàòà
òî÷êà ñî êðåèðàœå íà íîâ ìîäåë âî êî¼ □å ãî â÷èòàòå öåëèîò &lt;/span&gt;&lt;span
style='mso-ansi-language:EN-US'&gt;RDF &lt;/span&gt;&lt;span lang=MK style='mso-ansi-language:
MK'&gt;ãðàô çà íîâèîò &lt;/span&gt;&lt;span style='mso-ansi-language:EN-US'&gt;DBpedia &lt;/span&gt;&lt;span
lang=MK style='mso-ansi-language:MK'&gt;ðåñóðñ. &lt;o:p&gt;&lt;/o:p&gt;&lt;/span&gt;&lt;/p&gt;

&lt;p class=MsoNormal style='margin-top:6.0pt;margin-right:0in;margin-bottom:0in;
margin-left:.25in;margin-bottom:.0001pt;text-align:justify'&gt;&lt;u&gt;&lt;span lang=MK
style='mso-ansi-language:MK'&gt;Íàïîìåíà&lt;/span&gt;&lt;/u&gt;&lt;span lang=MK style='mso-ansi-language:
MK'&gt;: Çà äà ãî äîáèåòå &lt;/span&gt;&lt;span style='mso-ansi-language:EN-US'&gt;URL&lt;/span&gt;&lt;span
lang=MK style='mso-ansi-language:MK'&gt;-òî êîå ãè ñîäðæè &lt;/span&gt;&lt;span
style='mso-ansi-language:EN-US'&gt;RDF &lt;/span&gt;&lt;span lang=MK style='mso-ansi-language:
MK'&gt;ãðàôîò çà ðåñóðñîò âî îäðåäåí ôîðìàò, □å òðåáà äà ãî ìîäèôèöèðàòå &lt;/span&gt;&lt;span
style='mso-ansi-language:EN-US'&gt;URI&lt;/span&gt;&lt;span lang=MK style='mso-ansi-language:
MK'&gt;-òî êîå ãî èìàòå çà ðåñóðñîò.&lt;o:p&gt;&lt;/o:p&gt;&lt;/span&gt;&lt;/p&gt;



&lt;p class=MsoNormal style='margin-left:.25in;text-align:justify;text-indent:
-.25in;mso-list:l6 level1 lfo1;tab-stops:list .25in'&gt;&lt;![if !supportLists]&gt;&lt;span
lang=MK style='mso-ansi-language:MK'&gt;&lt;span style='mso-list:Ignore'&gt;8.&lt;span
style='font:7.0pt &quot;Times New Roman&quot;'&gt;&amp;nbsp; &lt;/span&gt;&lt;/span&gt;&lt;/span&gt;&lt;![endif]&gt;&lt;span
lang=MK style='mso-ansi-language:MK'&gt;Ðàçãëåäà¼òå ãè äåòàëèòå çà íîâèîò ðåñóðñ
íà &lt;/span&gt;&lt;span style='mso-ansi-language:EN-US'&gt;DBpedia&lt;/span&gt;&lt;span lang=MK
style='mso-ansi-language:MK'&gt;. Ïîâòîðíî îäáåðåòå íåêî¼à ðåëàöè¼à êî¼à êàêî
âðåäíîñò èìà äðóã &lt;/span&gt;&lt;span style='mso-ansi-language:EN-US'&gt;DBpedia &lt;/span&gt;&lt;span
lang=MK style='mso-ansi-language:MK'&gt;ðåñóðñ, à ïîòîà ñåëåêòèðà¼òå ¼à è
îòïå÷àòåòå ¼à òàà âðåäíîñò îä â÷èòàíèîò &lt;/span&gt;&lt;span style='mso-ansi-language:
EN-US'&gt;RDF &lt;/span&gt;&lt;span lang=MK style='mso-ansi-language:MK'&gt;ãðàô çà ðåñóðñîò
ñî êîðèñòåœå íà &lt;/span&gt;&lt;span style='mso-ansi-language:EN-US'&gt;Jena&lt;/span&gt;&lt;span
lang=MK style='mso-ansi-language:MK'&gt;. &lt;o:p&gt;&lt;/o:p&gt;&lt;/span&gt;&lt;/p&gt;



&lt;p class=MsoNormal style='margin-left:.25in;text-align:justify;text-indent:
-.25in;mso-list:l6 level1 lfo1;tab-stops:list .25in'&gt;&lt;![if !supportLists]&gt;&lt;span
lang=MK style='mso-ansi-language:MK'&gt;&lt;span style='mso-list:Ignore'&gt;9.&lt;span
style='font:7.0pt &quot;Times New Roman&quot;'&gt;&amp;nbsp; &lt;/span&gt;&lt;/span&gt;&lt;/span&gt;&lt;![endif]&gt;&lt;span
lang=MK style='mso-ansi-language:MK'&gt;Èçâðøåòå ¼à ïðîãðàìàòà.&lt;o:p&gt;&lt;/o:p&gt;&lt;/span&gt;&lt;/p&gt;



&lt;p class=MsoNormal style='margin-left:.25in;text-align:justify;text-indent:
-.25in;mso-list:l6 level1 lfo1;tab-stops:list .25in'&gt;&lt;![if !supportLists]&gt;&lt;span
lang=MK style='mso-ansi-language:MK'&gt;&lt;span style='mso-list:Ignore'&gt;10.&lt;span
style='font:7.0pt &quot;Times New Roman&quot;'&gt;&amp;nbsp; &lt;/span&gt;&lt;/span&gt;&lt;/span&gt;&lt;![endif]&gt;&lt;span
lang=MK style='mso-ansi-language:MK'&gt;Çàìåíåòå ãî ïå÷àòåœåòî îä ïðåòõîäíàòà
òî÷êà ñî êðåèðàœå íà íîâ, òðåò ìîäåë, âî êî¼ □å ãî â÷èòàòå öåëèîò &lt;/span&gt;&lt;span
style='mso-ansi-language:EN-US'&gt;RDF &lt;/span&gt;&lt;span lang=MK style='mso-ansi-language:
MK'&gt;ãðàô çà íîâèîò, òðåòèîò &lt;/span&gt;&lt;span style='mso-ansi-language:EN-US'&gt;DBpedia
&lt;/span&gt;&lt;span lang=MK style='mso-ansi-language:MK'&gt;ðåñóðñ. &lt;o:p&gt;&lt;/o:p&gt;&lt;/span&gt;&lt;/p&gt;



&lt;p class=MsoNormal style='margin-left:.25in;text-align:justify;text-indent:
-.25in;mso-list:l6 level1 lfo1;tab-stops:list .25in'&gt;&lt;![if !supportLists]&gt;&lt;span
lang=MK style='mso-ansi-language:MK'&gt;&lt;span style='mso-list:Ignore'&gt;11.&lt;span
style='font:7.0pt &quot;Times New Roman&quot;'&gt;&amp;nbsp; &lt;/span&gt;&lt;/span&gt;&lt;/span&gt;&lt;![endif]&gt;&lt;span
lang=MK style='mso-ansi-language:MK'&gt;Îòêàêî □å ãî â÷èòàòå &lt;/span&gt;&lt;span
style='mso-ansi-language:EN-US'&gt;RDF &lt;/span&gt;&lt;span lang=MK style='mso-ansi-language:
MK'&gt;ãðàôîò, îòïå÷àòåòå íà êîíçîëà îäðåäåí áðî¼ ôàêòè ïî âàø èçáîð, êîè □å ãî
îïèøàò îâî¼ ðåñóðñ. Ïðèòîà, êîðèñòåòå ¼à &lt;/span&gt;&lt;span style='mso-ansi-language:
EN-US'&gt;DBpedia &lt;/span&gt;&lt;span lang=MK style='mso-ansi-language:MK'&gt;ñòðàíàòà çà
ðåñóðñîò çà äà îäáåðåòå ñâî¼ñòâà êîè ìèñëèòå äåêà áè áèëå êîðèñíè äà ñå
îòïå÷àòàò.&lt;o:p&gt;&lt;/o:p&gt;&lt;/span&gt;&lt;/p&gt;



&lt;p class=MsoNormal style='margin-left:.25in;text-align:justify;text-indent:
-.25in;mso-list:l6 level1 lfo1;tab-stops:list .25in'&gt;&lt;![if !supportLists]&gt;&lt;span
lang=MK style='mso-ansi-language:MK'&gt;&lt;span style='mso-list:Ignore'&gt;12.&lt;span
style='font:7.0pt &quot;Times New Roman&quot;'&gt;&amp;nbsp; &lt;/span&gt;&lt;/span&gt;&lt;/span&gt;&lt;![endif]&gt;&lt;span
lang=MK style='mso-ansi-language:MK'&gt;Èçâðøåòå ¼à ïðîãðàìàòà.&lt;o:p&gt;&lt;/o:p&gt;&lt;/span&gt;&lt;/p&gt;



&lt;p class=MsoNormal style='margin-left:.25in;text-align:justify'&gt;&lt;span lang=MK
style='mso-ansi-language:MK;mso-no-proof:yes'&gt;&lt;![if vml]&gt;&lt;img border=0 width=624 height=343
src=&quot;_httpdocimg_/image002.gif&quot; v:shapes=&quot;Picture_x0020_1&quot;&gt;&lt;![endif]&gt;&lt;o:p&gt;&lt;/o:p&gt;&lt;/span&gt;&lt;/p&gt;



&lt;p class=MsoNormal style='margin-left:.25in;text-align:justify'&gt;&lt;span lang=MK
style='mso-ansi-language:MK;mso-no-proof:yes'&gt;&lt;![if vml]&gt;&lt;img border=0 width=624 height=334
src=&quot;_httpdocimg_/image004.gif&quot; v:shapes=&quot;_x0000_i1026&quot;&gt;&lt;![endif]&gt;&lt;/span&gt;&lt;span
lang=MK style='mso-ansi-language:MK'&gt;&lt;o:p&gt;&lt;/o:p&gt;&lt;/span&gt;&lt;/p&gt;

&lt;p class=MsoNormal style='margin-top:.25in'&gt;&lt;b style='mso-bidi-font-weight:
normal'&gt;&lt;span lang=MK style='font-size:14.0pt;mso-ansi-language:MK'&gt;II&lt;/span&gt;&lt;/b&gt;&lt;b
style='mso-bidi-font-weight:normal'&gt;&lt;span lang=RU style='font-size:14.0pt;
mso-ansi-language:RU'&gt;. &lt;/span&gt;&lt;/b&gt;&lt;b style='mso-bidi-font-weight:normal'&gt;&lt;span
lang=MK style='font-size:14.0pt;mso-ansi-language:MK'&gt;Èçâëåêóâàœå ïîâðçàíè ïîäàòîöè
çà ëåêîâè ñòàðòóâà¼□è îä ëîêàëåí &lt;/span&gt;&lt;/b&gt;&lt;b style='mso-bidi-font-weight:
normal'&gt;&lt;span style='font-size:14.0pt;mso-ansi-language:EN-US'&gt;RDF &lt;/span&gt;&lt;/b&gt;&lt;b
style='mso-bidi-font-weight:normal'&gt;&lt;span lang=MK style='font-size:14.0pt;
mso-ansi-language:MK'&gt;ãðàô&lt;o:p&gt;&lt;/o:p&gt;&lt;/span&gt;&lt;/b&gt;&lt;/p&gt;

&lt;p class=MsoNormal style='margin-top:6.0pt;text-align:justify'&gt;&lt;span lang=MK
style='mso-bidi-font-size:14.0pt;mso-ansi-language:MK'&gt;Âî îâî¼ äåë îä âåæáàòà
□å ðàáîòèìå ñî ïîäàòîöèòå çà ëåêîâè îä ïðâàòà ëàáîðàòîðèñêà âåæáà, âî êî¼à
èìàâìå è ëèíêîâè êîí ëåêîâè êîè ñå íàîƒààò âî äðóãî ïîäàòî÷íî ìíîæåñòâî. Íî, îâî¼
ïàò, ïîäàòî÷íîòî ìíîæåñòâî ïîêàæóâà êîí äðóã ñåðâåð ñî ïîäàòîöè çà ëåêîâè,
îäíîñíî êî¼ &lt;/span&gt;&lt;span style='mso-bidi-font-size:14.0pt;mso-ansi-language:
EN-US'&gt;&lt;a href=&quot;_httpextlink_&amp;amp;rl=0&amp;amp;href=https:%2f%2fbio2rdf.org&quot;&gt;https://bio2rdf.org&lt;/a&gt;. &lt;/span&gt;&lt;span
lang=MK style='mso-bidi-font-size:14.0pt;mso-ansi-language:MK'&gt;Âàøà çàäà÷à □å
áèäå äà ãè äîáèåòå ïîäàòîöèòå (&lt;/span&gt;&lt;span style='mso-bidi-font-size:14.0pt;
mso-ansi-language:EN-US'&gt;RDF &lt;/span&gt;&lt;span lang=MK style='mso-bidi-font-size:
14.0pt;mso-ansi-language:MK'&gt;òðî¼êèòå) çà îâèå „íàäâîðåøíè“ ëåêîâè ñî êîè ñå
ïîâðçàíè ëåêîâèòå îä íàøåòî ïîäàòî÷íî ìíîæåñòâî, è äà îòïå÷àòèòå äåë îä íèâíèòå
ñâî¼ñòâà.&lt;o:p&gt;&lt;/o:p&gt;&lt;/span&gt;&lt;/p&gt;



&lt;p class=MsoNormal style='margin-left:.25in;text-align:justify;text-indent:
-.25in;mso-list:l6 level1 lfo1;tab-stops:list .25in'&gt;&lt;![if !supportLists]&gt;&lt;span
lang=MK style='mso-ansi-language:MK'&gt;&lt;span style='mso-list:Ignore'&gt;13.&lt;span
style='font:7.0pt &quot;Times New Roman&quot;'&gt;&amp;nbsp; &lt;/span&gt;&lt;/span&gt;&lt;/span&gt;&lt;![endif]&gt;&lt;span
lang=MK style='mso-ansi-language:MK'&gt;Êðåèðà¼òå íîâà &lt;/span&gt;&lt;span
style='mso-ansi-language:EN-US'&gt;Java &lt;/span&gt;&lt;span lang=MK style='mso-ansi-language:
MK'&gt;êëàñà âî ïðîåêòîò, âî êî¼à □å äîäàäåòå è &lt;/span&gt;&lt;span style='mso-ansi-language:
EN-US'&gt;main() &lt;/span&gt;&lt;span lang=MK style='mso-ansi-language:MK'&gt;ìåòîä. Ïðåçåìåòå
¼à äàòîòåêàòà &lt;/span&gt;&lt;span style='mso-ansi-language:EN-US'&gt;“hifm-dataset-bio2rdf.ttl”&lt;/span&gt;&lt;span
lang=MK style='mso-ansi-language:MK'&gt; îä &lt;/span&gt;&lt;span style='mso-ansi-language:
EN-US'&gt;Courses&lt;/span&gt;&lt;span lang=MK style='mso-ansi-language:MK'&gt; è ñíèìåòå ¼à
ëîêàëíî.&lt;/span&gt;&lt;span lang=MK style='mso-ansi-language:EN-US'&gt; &lt;/span&gt;&lt;span
lang=MK style='mso-ansi-language:MK'&gt;Îâà å äàòîòåêàòà ñî èñòèòå ïîäàòîöè çà
ëåêîâè êàêî è íà ïðâàòà ëàáîðàòîðèñêà âåæáà.&lt;o:p&gt;&lt;/o:p&gt;&lt;/span&gt;&lt;/p&gt;



&lt;p class=MsoNormal style='margin-left:.25in;text-align:justify;text-indent:
-.25in;mso-list:l6 level1 lfo1;tab-stops:list .25in'&gt;&lt;![if !supportLists]&gt;&lt;span
lang=MK style='mso-ansi-language:MK'&gt;&lt;span style='mso-list:Ignore'&gt;14.&lt;span
style='font:7.0pt &quot;Times New Roman&quot;'&gt;&amp;nbsp; &lt;/span&gt;&lt;/span&gt;&lt;/span&gt;&lt;![endif]&gt;&lt;span
lang=MK style='mso-ansi-language:MK'&gt;Âî &lt;/span&gt;&lt;span style='mso-ansi-language:
EN-US'&gt;main() &lt;/span&gt;&lt;span lang=MK style='mso-ansi-language:MK'&gt;ìåòîäîò íà
íîâàòà êëàñà íàïèøåòå êîä ñî êî¼ □å ¼à ïðî÷èòàòå ñîäðæèíàòà íà îâàà äàòîòåêà.
Âíèìàâà¼òå òðåòèîò ïàðàìåòàð íà &lt;/span&gt;&lt;span style='mso-ansi-language:EN-US'&gt;model.read()&lt;/span&gt;&lt;span
lang=MK style='mso-ansi-language:MK'&gt; äà ãî ïîñòàâèòå çà â÷èòóâàœå íà &lt;/span&gt;&lt;span
style='mso-ansi-language:EN-US'&gt;Turtle &lt;/span&gt;&lt;span lang=MK style='mso-ansi-language:
MK'&gt;ñîäðæèíà.&lt;o:p&gt;&lt;/o:p&gt;&lt;/span&gt;&lt;/p&gt;



&lt;p class=MsoNormal style='margin-left:.25in;text-align:justify;text-indent:
-.25in;mso-list:l6 level1 lfo1;tab-stops:list .25in'&gt;&lt;![if !supportLists]&gt;&lt;span
lang=MK style='mso-ansi-language:MK'&gt;&lt;span style='mso-list:Ignore'&gt;15.&lt;span
style='font:7.0pt &quot;Times New Roman&quot;'&gt;&amp;nbsp; &lt;/span&gt;&lt;/span&gt;&lt;/span&gt;&lt;![endif]&gt;&lt;span
lang=MK style='mso-ansi-language:MK'&gt;Ïîòñåòåòå ñå íà ñîäðæèíàòà íà &lt;/span&gt;&lt;span
style='mso-ansi-language:EN-US'&gt;“hifm-dataset-bio2rdf.ttl” &lt;/span&gt;&lt;span
lang=MK style='mso-ansi-language:MK'&gt;äàòîòåêàòà. Ñòàíóâà çáîð çà ïîäàòî÷íî
ìíîæåñòâî êîå ñîäðæè ëåêîâè îä Ôîíäîò çà çäðàâñòâî íà ÐÌ&lt;/span&gt;&lt;span
style='mso-ansi-language:EN-US'&gt;. &lt;/span&gt;&lt;span lang=MK style='mso-ansi-language:
MK'&gt;Çà ñåêî¼ îä ëåêîâèòå èìàìå ïîâå□å ðàçëè÷íè ðåëàöèè (èìå, øèôðà, ïðîèçâåäóâà÷,
ïàêóâàœå, ...), íî ëèíê êîí ëåê îä &lt;/span&gt;&lt;span style='mso-ansi-language:EN-US'&gt;DrugBank
&lt;/span&gt;&lt;span lang=MK style='mso-ansi-language:MK'&gt;ïîäàòî÷íîòî ìíîæåñòâî (&lt;/span&gt;&lt;span
style='mso-ansi-language:EN-US'&gt;rdfs:seeAlso),&lt;/span&gt;&lt;span lang=MK
style='mso-ansi-language:MK'&gt; õîñòèðàíè íà &lt;/span&gt;&lt;span style='mso-ansi-language:
EN-US'&gt;&lt;a href=&quot;_httpextlink_&amp;amp;rl=0&amp;amp;href=https:%2f%2fbio2rdf.org&quot;&gt;https://bio2rdf.org/&lt;/a&gt; &lt;/span&gt;&lt;span
lang=MK style='mso-ansi-language:MK'&gt;ñåðâåðîò.&lt;o:p&gt;&lt;/o:p&gt;&lt;/span&gt;&lt;/p&gt;



&lt;p class=MsoNormal style='margin-left:.25in;text-align:justify;text-indent:
-.25in;mso-list:l6 level1 lfo1;tab-stops:list .25in'&gt;&lt;![if !supportLists]&gt;&lt;span
lang=MK style='mso-ansi-language:MK'&gt;&lt;span style='mso-list:Ignore'&gt;16.&lt;span
style='font:7.0pt &quot;Times New Roman&quot;'&gt;&amp;nbsp; &lt;/span&gt;&lt;/span&gt;&lt;/span&gt;&lt;![endif]&gt;&lt;span
lang=MK style='mso-ansi-language:MK'&gt;Îäáåðåòå åäåí ëåê îä ãðàôîò (ìîäåëîò) è çà
íåãî èçëèñòà¼òå ãè è ëåêîâèòå êîè ¼à èìààò èñòàòà ôóíêöè¼à êàêî è òî¼, à ñå
íàîƒààò âî &lt;/span&gt;&lt;span style='mso-ansi-language:EN-US'&gt;DrugBank &lt;/span&gt;&lt;span
lang=MK style='mso-ansi-language:MK'&gt;ïîäàòî÷íîòî ìíîæåñòâî (&lt;/span&gt;&lt;span
style='mso-ansi-language:EN-US'&gt;rdfs:seeAlso).&lt;/span&gt;&lt;span style='mso-ansi-language:
MK'&gt; &lt;span lang=MK&gt;Èçâðøåòå ¼à ïðîãðàìàòà.&lt;o:p&gt;&lt;/o:p&gt;&lt;/span&gt;&lt;/span&gt;&lt;/p&gt;



&lt;p class=MsoListParagraph align=center style='margin-top:6.0pt;margin-right:
0in;margin-bottom:0in;margin-left:-14.2pt;margin-bottom:.0001pt;text-align:
center;page-break-after:avoid'&gt;&lt;span lang=MK style='mso-ansi-language:MK;
mso-no-proof:yes'&gt;&lt;![if vml]&gt;&lt;img border=0 width=654 height=502
src=&quot;_httpdocimg_/image006.gif&quot;
alt=&quot;Text

Description automatically generated&quot; v:shapes=&quot;Picture_x0020_3&quot;&gt;&lt;![endif]&gt;&lt;/span&gt;&lt;/p&gt;

&lt;p class=MsoCaption align=center style='text-align:center'&gt;&lt;span lang=EN-GB
style='font-size:11.0pt;mso-bidi-font-size:10.0pt;font-weight:normal;
mso-bidi-font-weight:bold'&gt;Ñëèêà &lt;/span&gt;&lt;span lang=EN-GB style='font-size:
11.0pt;mso-bidi-font-size:10.0pt;font-weight:normal;mso-bidi-font-weight:bold'&gt;&lt;span
style='mso-no-proof:yes'&gt;1&lt;/span&gt;&lt;/span&gt;&lt;span
lang=MK style='font-size:11.0pt;mso-bidi-font-size:10.0pt;mso-ansi-language:
MK;font-weight:normal;mso-bidi-font-weight:bold'&gt;. Ïðèìåð çà êîðèñòåœå &lt;/span&gt;&lt;span
style='font-size:11.0pt;mso-bidi-font-size:10.0pt;mso-ansi-language:EN-US;
font-weight:normal;mso-bidi-font-weight:bold'&gt;SPARQL endpoint&lt;/span&gt;&lt;span
lang=MK style='font-size:11.0pt;mso-bidi-font-size:10.0pt;mso-ansi-language:
MK;font-weight:normal;mso-bidi-font-weight:bold'&gt; ïðåêó &lt;/span&gt;&lt;span
style='font-size:11.0pt;mso-bidi-font-size:10.0pt;mso-ansi-language:EN-US;
font-weight:normal;mso-bidi-font-weight:bold'&gt;Jena.&lt;/span&gt;&lt;span lang=MK
style='font-size:11.0pt;mso-bidi-font-size:10.0pt;mso-ansi-language:MK;
font-weight:normal;mso-bidi-font-weight:bold'&gt;&lt;o:p&gt;&lt;/o:p&gt;&lt;/span&gt;&lt;/p&gt;



&lt;p class=MsoNormal style='margin-left:.25in;text-align:justify;text-indent:
-.25in;mso-list:l6 level1 lfo1;tab-stops:list .25in'&gt;&lt;![if !supportLists]&gt;&lt;span
lang=MK style='mso-ansi-language:MK'&gt;&lt;span style='mso-list:Ignore'&gt;17.&lt;span
style='font:7.0pt &quot;Times New Roman&quot;'&gt;&amp;nbsp; &lt;/span&gt;&lt;/span&gt;&lt;/span&gt;&lt;![endif]&gt;&lt;span
lang=MK style='mso-ansi-language:MK'&gt;Íàïðàâåòå ïðîìåíà, ñî òîà øòî íàìåñòî äà
ãè ïå÷àòèòå, □å ãè â÷èòàòå &lt;/span&gt;&lt;span style='mso-ansi-language:EN-US'&gt;RDF &lt;/span&gt;&lt;span
lang=MK style='mso-ansi-language:MK'&gt;ãðàôîâèòå çà ñåêî¼ îä &lt;/span&gt;&lt;span
style='mso-ansi-language:EN-US'&gt;DrugBank &lt;/span&gt;&lt;span lang=MK style='mso-ansi-language:
MK'&gt;ëåêîâèòå ñî êîè âàøèîò îäáðàí ëåê å âî ðåëàöè¼à. Çà ñåêî¼ îä íèâ, □å ãî
îòïå÷àòèòå èìåòî &lt;/span&gt;&lt;span style='mso-ansi-language:EN-US'&gt;(dcterms:title) &lt;/span&gt;&lt;span
lang=MK style='mso-ansi-language:MK'&gt;è îïèñîò íà ëåêîò (&lt;/span&gt;&lt;span
style='mso-ansi-language:EN-US'&gt;dcterms:description). &lt;/span&gt;&lt;span lang=MK
style='mso-ansi-language:MK'&gt;Èçâðøåòå ¼à ïðîãðàìàòà.&lt;o:p&gt;&lt;/o:p&gt;&lt;/span&gt;&lt;/p&gt;

&lt;p class=MsoNormal style='margin-top:6.0pt;margin-right:0in;margin-bottom:0in;
margin-left:.25in;margin-bottom:.0001pt;text-align:justify'&gt;&lt;u&gt;&lt;span lang=MK
style='mso-ansi-language:MK'&gt;Íàïîìåíà&lt;/span&gt;&lt;/u&gt;&lt;span lang=MK style='mso-ansi-language:
MK'&gt;: Çà ïðèñòàï äî &lt;/span&gt;&lt;span style='mso-ansi-language:EN-US'&gt;RDF &lt;/span&gt;&lt;span
lang=MK style='mso-ansi-language:MK'&gt;ãðàô íà äàäåí &lt;/span&gt;&lt;span
style='mso-ansi-language:EN-US'&gt;DrugBank&lt;/span&gt;&lt;span lang=MK style='mso-ansi-language:
MK'&gt; ëåê èìàòå äâå îïöèè: &lt;o:p&gt;&lt;/o:p&gt;&lt;/span&gt;&lt;/p&gt;

&lt;p class=MsoNormal style='margin-top:6.0pt;margin-right:0in;margin-bottom:0in;
margin-left:.25in;margin-bottom:.0001pt;text-align:justify'&gt;&lt;span lang=MK
style='mso-ansi-language:MK'&gt;(à) äà ñå îáðàòèòå äî &lt;/span&gt;&lt;span
style='mso-ansi-language:EN-US'&gt;URL&lt;/span&gt;&lt;span lang=MK style='mso-ansi-language:
MK'&gt;-òî íà ëåêîò, íî ïðèòîà äà èñêîðèñòèòå &lt;/span&gt;&lt;span style='mso-ansi-language:
EN-US'&gt;HTTP content negotiation &lt;/span&gt;&lt;span lang=MK style='mso-ansi-language:
MK'&gt;çà äà ïîáàðàòå &lt;/span&gt;&lt;span style='mso-ansi-language:EN-US'&gt;Turtle &lt;/span&gt;&lt;span
lang=MK style='mso-ansi-language:MK'&gt;îäãîâîð, èëè îäãîâîð âî äðóã ôîðìàò êî¼
íà¼ìíîãó âè îäãîâàðà è êî¼ □å âè äàäå äèðåêòåí ïðèñòàï äî &lt;/span&gt;&lt;span
style='mso-ansi-language:EN-US'&gt;RDF &lt;/span&gt;&lt;span lang=MK style='mso-ansi-language:
MK'&gt;òðî¼êèòå çà òî¼ ëåê îä ãðàôîò (êàêî âî ïðâèîò äåë îä îâàà âåæáà&lt;/span&gt;&lt;span
style='mso-ansi-language:EN-US'&gt;)&lt;/span&gt;&lt;span lang=MK style='mso-ansi-language:
MK'&gt;, èëè &lt;o:p&gt;&lt;/o:p&gt;&lt;/span&gt;&lt;/p&gt;

&lt;p class=MsoNormal style='margin-top:6.0pt;margin-right:0in;margin-bottom:0in;
margin-left:.25in;margin-bottom:.0001pt;text-align:justify'&gt;&lt;span lang=MK
style='mso-ansi-language:MK'&gt;(á) äà ïîñòàâèòå êëàñè÷íî &lt;/span&gt;&lt;span
style='mso-ansi-language:EN-US'&gt;SPARQL&lt;/span&gt;&lt;span lang=MK style='mso-ansi-language:
MK'&gt; ïðàøàœå íà &lt;/span&gt;&lt;span style='mso-ansi-language:EN-US'&gt;SPARQL&lt;/span&gt;&lt;span
style='mso-ansi-language:MK'&gt; &lt;/span&gt;&lt;span style='mso-ansi-language:EN-US'&gt;Endpoint&lt;/span&gt;&lt;span
lang=MK style='mso-ansi-language:MK'&gt;-îò íà &lt;/span&gt;&lt;span style='mso-ansi-language:
EN-US'&gt;Bio2RDF:&lt;/span&gt;&lt;span style='mso-ansi-language:MK'&gt; &lt;span lang=MK&gt;&lt;a
href=&quot;_httpextlink_&amp;amp;rl=0&amp;amp;href=https:%2f%2fbio2rdf.org%2fsparql&quot;&gt;https://bio2rdf.org/sparql&lt;/a&gt;.&lt;o:p&gt;&lt;/o:p&gt;&lt;/span&gt;&lt;/span&gt;&lt;/p&gt;

&lt;p class=MsoNormal style='margin-top:6.0pt;margin-right:0in;margin-bottom:0in;
margin-left:.25in;margin-bottom:.0001pt;text-align:justify'&gt;&lt;span lang=MK
style='mso-ansi-language:MK'&gt;Çà îïöè¼àòà ïîä (à) ïîòðåáíî å &lt;/span&gt;&lt;span
style='mso-ansi-language:EN-US'&gt;HTTP &lt;/span&gt;&lt;span lang=MK style='mso-ansi-language:
MK'&gt;áàðàœåòî äî &lt;/span&gt;&lt;span style='mso-ansi-language:EN-US'&gt;URL-&lt;/span&gt;&lt;span
lang=MK style='mso-ansi-language:MK'&gt;òî íà ëåêîò äà áèäå ñî &lt;/span&gt;&lt;span
style='mso-ansi-language:EN-US'&gt;HTTP header “Accept: text/turtle” &lt;/span&gt;&lt;span
lang=MK style='mso-ansi-language:MK'&gt;èëè &lt;/span&gt;&lt;span style='mso-ansi-language:
EN-US'&gt;“Accept: application/rdf+xml” &lt;/span&gt;&lt;span lang=MK style='mso-ansi-language:
MK'&gt;èëè &lt;/span&gt;&lt;span style='mso-ansi-language:EN-US'&gt;“Accept/application/ld+json”,
&lt;/span&gt;&lt;span lang=MK style='mso-ansi-language:MK'&gt;èòí.&lt;/span&gt;&lt;span
style='mso-ansi-language:EN-US'&gt;, &lt;/span&gt;&lt;span lang=MK style='mso-ansi-language:
MK'&gt;âî çàâèñíîñò îä ôîðìàòîò êî¼ ãî ïðåôåðèðàòå.&lt;o:p&gt;&lt;/o:p&gt;&lt;/span&gt;&lt;/p&gt;

&lt;p class=MsoNormal style='margin-top:6.0pt;margin-right:0in;margin-bottom:0in;
margin-left:.25in;margin-bottom:.0001pt;text-align:justify'&gt;&lt;span lang=MK
style='mso-ansi-language:MK'&gt;Çà îïöè¼àòà ïîä (á) ìîæåòå äà óïîòðåáèòå &lt;/span&gt;&lt;span
style='mso-ansi-language:EN-US'&gt;Java + Jena &lt;/span&gt;&lt;span lang=MK
style='mso-ansi-language:MK'&gt;êîä êàêî íà &lt;i style='mso-bidi-font-style:normal'&gt;Ñëèêà
1&lt;/i&gt;.&lt;/span&gt;&lt;span lang=MK style='mso-ansi-language:EN-US'&gt; &lt;/span&gt;&lt;span
lang=MK style='mso-ansi-language:MK'&gt;Ïðèìåðîò îä ñëèêàòà èëóñòðèðà êàêî âî &lt;/span&gt;&lt;span
style='mso-ansi-language:EN-US'&gt;Jena &lt;/span&gt;&lt;span lang=MK style='mso-ansi-language:
MK'&gt;ìîæå äà ñå êðåèðà &lt;/span&gt;&lt;span style='mso-ansi-language:EN-US'&gt;SPARQL &lt;/span&gt;&lt;span
lang=MK style='mso-ansi-language:MK'&gt;ïðàøàœå êîå ïîòîà □å ñå èñïðàòè äî &lt;/span&gt;&lt;span
style='mso-ansi-language:EN-US'&gt;SPARQL&lt;/span&gt;&lt;span style='mso-ansi-language:
MK'&gt; &lt;/span&gt;&lt;span style='mso-ansi-language:EN-US'&gt;endpoint.&lt;/span&gt;&lt;span
lang=MK style='mso-ansi-language:MK'&gt; Âî îâî¼ ñëó÷à¼ èñêîðèñòåòå ãî &lt;/span&gt;&lt;span
style='mso-ansi-language:EN-US'&gt;SPARQL &lt;/span&gt;&lt;span lang=MK style='mso-ansi-language:
MK'&gt;ïðàøàœåòî çà äèðåêòíî äà ãè äîáèåòå âðåäíîñòèòå íà ñâî¼ñòâàòà êîè âå
èíòåðåñèðààò, íàìåñòî äà ãî ñåëåêòèðàòå öåëèîò ãðàô çà ëåêîò.&lt;o:p&gt;&lt;/o:p&gt;&lt;/span&gt;&lt;/p&gt;



&lt;p class=MsoNormal style='margin-top:6.0pt;margin-right:0in;margin-bottom:0in;
margin-left:.25in;margin-bottom:.0001pt;text-align:justify'&gt;&lt;span
style='mso-ansi-language:EN-US;mso-no-proof:yes'&gt;&lt;![if vml]&gt;&lt;img border=0 width=624 height=494
src=&quot;_httpdocimg_/image008.gif&quot; v:shapes=&quot;_x0000_i1028&quot;&gt;&lt;![endif]&gt;&lt;o:p&gt;&lt;/o:p&gt;&lt;/span&gt;&lt;/p&gt;

&lt;p class=MsoNormal style='margin-top:6.0pt;margin-right:0in;margin-bottom:0in;
margin-left:.25in;margin-bottom:.0001pt;text-align:justify'&gt;&lt;span
style='mso-ansi-language:EN-US;mso-no-proof:yes'&gt;&lt;![if vml]&gt;&lt;img border=0 width=624 height=530
src=&quot;_httpdocimg_/image010.gif&quot; v:shapes=&quot;_x0000_i1029&quot;&gt;&lt;![endif]&gt;&lt;/span&gt;&lt;span
style='mso-ansi-language:EN-US'&gt;&lt;o:p&gt;&lt;/o:p&gt;&lt;/span&gt;&lt;/p&gt;

&lt;/div&gt;




</Content>
</Section>
</Section>
</Archive>
